Workbook

Sheet M電入力
A1: 通過駅画像番号 | B1: 25 | C1: 停車駅画像番号 | D1: 26 | E1: 終着駅画像番号 | F1: 27
A2: 00時画像番号 | B2: 24 | C2: 00分画像番号 | D2: 60 | E2: 00秒画像番号 | F2: 60
A3: ナンバー | B3: 駅名 | C3: 駅キロ | D3: 駅番号 | E3: 着(hh:mm:ss) | F3: 発(通)(hh:mm:ss) | G3: 駅番線 | H3: 制限速度IN | I3: 制限速度OUT | J3: 列車駅間時間 (マニュアル入力，hh:mm:ss) | K3: 停車？ | L3: 着hh | M3: 着mm | N3: 着ss | O3: 着hh00→24 | P3: 着mm00→60 | Q3: 着ss00→60 | R3: 着hh真 | S3: 発hh | T3: 発mm | U3: 発ss | V3: 発hh00→24 | W3: 発mm00→60 | X3: 発ss00→60 | Y3: 発hh真 | Z3: IsOverHour? | AA3: 列車着(hhmmss) | AB3: 列車発(通)(hhmmss) | AC3: 列車次駅設定 | AD3: 列車次駅着時刻 | AE3: 列車駅間時間 (自動計算)
A4: 1 | B4: 上 野 | C4: 3790 | D4: 50 | E4: 0.33055556 | F4: 0.33194444 | I4: 30 | J4: =F5-F4 -> 0.0024305556 | K4: =IF(E3="着(hh:mm:ss)","start",IF(E4="p","pass",IF(OR(F4="t",K3="terminal"),"terminal","stop"))) -> start | L4: {=TEXT(_xlfn.SWITCH(TRUE,E4="P",$B$1,AND(E4="",K4<>"TERMINAL"),$D$1,TRUE,HOUR(E4)),"00")} -> 07 | M4: {=TEXT(_xlfn.SWITCH(TRUE,E4="P","00",AND(E4="",K4<>"TERMINAL"),"00",TRUE,MINUTE(E4)),"00")} -> 56 | N4: {=TEXT(_xlfn.SWITCH(TRUE,E4="P","00",AND(E4="",K4<>"TERMINAL"),"00",TRUE,SECOND(E4)),"00")} -> 00 | O4: {=_xlfn.SWITCH(TRUE,AND(L4="00",K4<>"TERMINAL"),TEXT($B$2,"00"),L4=TEXT($B$1,"00"),TEXT($B$1,"00"),L4=TEXT($D$1,"00"),TEXT($D$1,"00"),TRUE,+L4)} -> 07 | P4: {=_xlfn.SWITCH(TRUE,OR(L4=TEXT($B$1,"00"),L4=TEXT($D$1,"00")),"00",AND(M4="00",K4<>"TERMINAL"),TEXT($D$2,"00"),TRUE,M4)} -> 56 | Q4: {=_xlfn.SWITCH(TRUE,OR(L4=TEXT($B$1,"00"),L4=TEXT($D$1,"00")),"00",AND(N4="00",K4<>"TERMINAL"),TEXT($F$2,"00"),TRUE,N4)} -> 60 | R4: =IF(OR(L4="25",L4="26"),TEXT(MAX(VALUE(R3),VALUE(Y3)),"00"),L4) -> 07 | S4: {=_xlfn.SWITCH(TRUE,F4="T",TEXT($F$1,"00"),AND(F4="",K4<>"TERMINAL"),"00",TRUE,TEXT(HOUR(F4),"00"))} -> 07 | T4: {=TEXT(_xlfn.SWITCH(TRUE,F4="T","00",AND(F4="",K4<>"TERMINAL"),"00",TRUE,MINUTE(F4)),"00")} -> 58 | U4: {=TEXT(_xlfn.SWITCH(TRUE,F4="T","00",AND(F4="",K4<>"TERMINAL"),"00",TRUE,SECOND(F4)),"00")} -> 00 | V4: {=_xlfn.SWITCH(TRUE,AND(S4="00",R4<>"TERMINAL"),TEXT($B$2,"00"),S4=TEXT($B$1,"00"),TEXT($B$1,"00"),S4=TEXT($D$1,"00"),TEXT($D$1,"00"),TRUE,+S4)} -> 07 | W4: {=_xlfn.SWITCH(TRUE,OR(S4=TEXT($B$1,"00"),S4=TEXT($D$1,"00")),"00",AND(T4="00",K4<>"TERMINAL"),TEXT($D$2,"00"),TRUE,T4)} -> 58 | X4: {=_xlfn.SWITCH(TRUE,OR(S4=TEXT($B$1,"00"),S4=TEXT($D$1,"00")),"00",AND(U4="00",K4<>"TERMINAL"),TEXT($F$2,"00"),TRUE,U4)} -> 60 | Y4: =IF(OR(S4="27"),S3,S4) -> 07 | Z4: =TEXT(TRUE,) -> TRUE | AA4: =IF(Z4="TRUE",O4&P4&Q4,IF(OR(L4="25",L4="26"),O4&P4&Q4,"00"&P4&Q4)) -> 075660 | AB4: =IF(Z4="TRUE",V4&W4&X4,IF(S4="27",V4&W4&X4,"00"&W4&X4)) -> 075860 | AC4: {=TEXT($D4,"000")&TEXT(IFERROR(INDEX($D$5:$D$103,_xlfn.AGGREGATE(15,6,ROW($E$5:$E$103)/(($E$5:$E$103<>"p")*($E$5:$E$103<>"t")*(ROW($E$5:$E$103)>ROW($E4))),1)-ROW($E$5)+1),$D4),"000")} -> 050053 | AD4: {=TEXT(_xlfn.XLOOKUP(TRUE, AA5:AA$103<>"250000", AA5:AA$103, "未找到"),"000000")} -> 000760 | AE4: {=_xlfn.SWITCH(TRUE,J4<>"",TEXT(J4,"MMSS"),TRUE,IFERROR(TEXT(E5-F4,"MMSS"),"0000"))} -> 0330
A5: 2 | B5: 井 堀 | C5: 6875 | D5: 51 | E5: p | F5: 0.334375 | I5: 60 | J5: =F6-F5 -> 0.00086805556 | K5: =IF(E4="着(hh:mm:ss)","start",IF(E5="p","pass",IF(OR(F5="t",K4="terminal"),"terminal","stop"))) -> pass | L5: {=TEXT(_xlfn.SWITCH(TRUE,E5="P",$B$1,AND(E5="",K5<>"TERMINAL"),$D$1,TRUE,HOUR(E5)),"00")} -> 25 | M5: {=TEXT(_xlfn.SWITCH(TRUE,E5="P","00",AND(E5="",K5<>"TERMINAL"),"00",TRUE,MINUTE(E5)),"00")} -> 00 | N5: {=TEXT(_xlfn.SWITCH(TRUE,E5="P","00",AND(E5="",K5<>"TERMINAL"),"00",TRUE,SECOND(E5)),"00")} -> 00 | O5: {=_xlfn.SWITCH(TRUE,AND(L5="00",K5<>"TERMINAL"),TEXT($B$2,"00"),L5=TEXT($B$1,"00"),TEXT($B$1,"00"),L5=TEXT($D$1,"00"),TEXT($D$1,"00"),TRUE,+L5)} -> 25 | P5: {=_xlfn.SWITCH(TRUE,OR(L5=TEXT($B$1,"00"),L5=TEXT($D$1,"00")),"00",AND(M5="00",K5<>"TERMINAL"),TEXT($D$2,"00"),TRUE,M5)} -> 00 | Q5: {=_xlfn.SWITCH(TRUE,OR(L5=TEXT($B$1,"00"),L5=TEXT($D$1,"00")),"00",AND(N5="00",K5<>"TERMINAL"),TEXT($F$2,"00"),TRUE,N5)} -> 00 | R5: =IF(OR(L5="25",L5="26"),TEXT(MAX(VALUE(R4),VALUE(Y4)),"00"),L5) -> 07 | S5: {=_xlfn.SWITCH(TRUE,F5="T",TEXT($F$1,"00"),AND(F5="",K5<>"TERMINAL"),"00",TRUE,TEXT(HOUR(F5),"00"))} -> 08 | T5: {=TEXT(_xlfn.SWITCH(TRUE,F5="T","00",AND(F5="",K5<>"TERMINAL"),"00",TRUE,MINUTE(F5)),"00")} -> 01 | U5: {=TEXT(_xlfn.SWITCH(TRUE,F5="T","00",AND(F5="",K5<>"TERMINAL"),"00",TRUE,SECOND(F5)),"00")} -> 30 | V5: =IF(AND(S5="00",F4<>"t",V4<>"00"),"24",S5) -> 08 | W5: {=_xlfn.SWITCH(TRUE,OR(S5=TEXT($B$1,"00"),S5=TEXT($D$1,"00")),"00",AND(T5="00",K5<>"TERMINAL"),TEXT($D$2,"00"),TRUE,T5)} -> 01 | X5: {=_xlfn.SWITCH(TRUE,OR(S5=TEXT($B$1,"00"),S5=TEXT($D$1,"00")),"00",AND(U5="00",K5<>"TERMINAL"),TEXT($F$2,"00"),TRUE,U5)} -> 30 | Y5: =IF(OR(S5="27"),S4,S5) -> 08 | Z5: =IF(OR(Y5>R5,R5>Y4),"TRUE","FALSE") -> TRUE | AA5: =IF(Z5="TRUE",O5&P5&Q5,IF(OR(L5="25",L5="26"),O5&P5&Q5,"00"&P5&Q5)) -> 250000 | AB5: =IF(Z5="TRUE",V5&W5&X5,IF(S5="27",V5&W5&X5,"00"&W5&X5)) -> 080130 | AC5: {=TEXT($D5,"000")&TEXT(IFERROR(INDEX($D$5:$D$103,_xlfn.AGGREGATE(15,6,ROW($E$5:$E$103)/(($E$5:$E$103<>"p")*($E$5:$E$103<>"t")*(ROW($E$5:$E$103)>ROW($E5))),1)-ROW($E$5)+1),$D5),"000")} -> 051053 | AD5: {=TEXT(_xlfn.XLOOKUP(TRUE, AA6:AA$103<>"250000", AA6:AA$103, "未找到"),"000000")} -> 000760 | AE5: {=_xlfn.SWITCH(TRUE,J5<>"",TEXT(J5,"MMSS"),TRUE,IFERROR(TEXT(E6-F5,"MMSS"),"0000"))} -> 0115
A6: 3 | B6: 尾 久 | C6: 8460 | D6: 52 | E6: p | F6: 0.33524306 | K6: =IF(E5="着(hh:mm:ss)","start",IF(E6="p","pass",IF(OR(F6="t",K5="terminal"),"terminal","stop"))) -> pass | L6: {=TEXT(_xlfn.SWITCH(TRUE,E6="P",$B$1,AND(E6="",K6<>"TERMINAL"),$D$1,TRUE,HOUR(E6)),"00")} -> 25 | M6: {=TEXT(_xlfn.SWITCH(TRUE,E6="P","00",AND(E6="",K6<>"TERMINAL"),"00",TRUE,MINUTE(E6)),"00")} -> 00 | N6: {=TEXT(_xlfn.SWITCH(TRUE,E6="P","00",AND(E6="",K6<>"TERMINAL"),"00",TRUE,SECOND(E6)),"00")} -> 00 | O6: {=_xlfn.SWITCH(TRUE,AND(L6="00",K6<>"TERMINAL"),TEXT($B$2,"00"),L6=TEXT($B$1,"00"),TEXT($B$1,"00"),L6=TEXT($D$1,"00"),TEXT($D$1,"00"),TRUE,+L6)} -> 25 | P6: {=_xlfn.SWITCH(TRUE,OR(L6=TEXT($B$1,"00"),L6=TEXT($D$1,"00")),"00",AND(M6="00",K6<>"TERMINAL"),TEXT($D$2,"00"),TRUE,M6)} -> 00 | Q6: {=_xlfn.SWITCH(TRUE,OR(L6=TEXT($B$1,"00"),L6=TEXT($D$1,"00")),"00",AND(N6="00",K6<>"TERMINAL"),TEXT($F$2,"00"),TRUE,N6)} -> 00 | R6: =IF(OR(L6="25",L6="26"),TEXT(MAX(VALUE(R5),VALUE(Y5)),"00"),L6) -> 08 | S6: {=_xlfn.SWITCH(TRUE,F6="T",TEXT($F$1,"00"),AND(F6="",K6<>"TERMINAL"),"00",TRUE,TEXT(HOUR(F6),"00"))} -> 08 | T6: {=TEXT(_xlfn.SWITCH(TRUE,F6="T","00",AND(F6="",K6<>"TERMINAL"),"00",TRUE,MINUTE(F6)),"00")} -> 02 | U6: {=TEXT(_xlfn.SWITCH(TRUE,F6="T","00",AND(F6="",K6<>"TERMINAL"),"00",TRUE,SECOND(F6)),"00")} -> 45 | V6: =IF(AND(S6="00",F5<>"t",V5<>"00"),"24",S6) -> 08 | W6: {=_xlfn.SWITCH(TRUE,OR(S6=TEXT($B$1,"00"),S6=TEXT($D$1,"00")),"00",AND(T6="00",K6<>"TERMINAL"),TEXT($D$2,"00"),TRUE,T6)} -> 02 | X6: {=_xlfn.SWITCH(TRUE,OR(S6=TEXT($B$1,"00"),S6=TEXT($D$1,"00")),"00",AND(U6="00",K6<>"TERMINAL"),TEXT($F$2,"00"),TRUE,U6)} -> 45 | Y6: =IF(OR(S6="27"),S5,S6) -> 08 | Z6: =IF(OR(Y6>R6,R6>Y5),"TRUE","FALSE") -> FALSE | AA6: =IF(Z6="TRUE",O6&P6&Q6,IF(OR(L6="25",L6="26"),O6&P6&Q6,"00"&P6&Q6)) -> 250000 | AB6: =IF(Z6="TRUE",V6&W6&X6,IF(S6="27",V6&W6&X6,"00"&W6&X6)) -> 000245 | AC6: {=TEXT($D6,"000")&TEXT(IFERROR(INDEX($D$5:$D$103,_xlfn.AGGREGATE(15,6,ROW($E$5:$E$103)/(($E$5:$E$103<>"p")*($E$5:$E$103<>"t")*(ROW($E$5:$E$103)>ROW($E6))),1)-ROW($E$5)+1),$D6),"000")} -> 052053 | AD6: {=TEXT(_xlfn.XLOOKUP(TRUE, AA7:AA$103<>"250000", AA7:AA$103, "未找到"),"000000")} -> 000760 | AE6: {=_xlfn.SWITCH(TRUE,J6<>"",TEXT(J6,"MMSS"),TRUE,IFERROR(TEXT(E7-F6,"MMSS"),"0000"))} -> 0415
A7: 4 | B7: 赤 羽 | C7: 13240 | D7: 53 | E7: 0.33819444 | F7: 0.33871528 | J7: =F8-F7 -> 0.0013888889 | K7: =IF(E6="着(hh:mm:ss)","start",IF(E7="p","pass",IF(OR(F7="t",K6="terminal"),"terminal","stop"))) -> stop | L7: {=TEXT(_xlfn.SWITCH(TRUE,E7="P",$B$1,AND(E7="",K7<>"TERMINAL"),$D$1,TRUE,HOUR(E7)),"00")} -> 08 | M7: {=TEXT(_xlfn.SWITCH(TRUE,E7="P","00",AND(E7="",K7<>"TERMINAL"),"00",TRUE,MINUTE(E7)),"00")} -> 07 | N7: {=TEXT(_xlfn.SWITCH(TRUE,E7="P","00",AND(E7="",K7<>"TERMINAL"),"00",TRUE,SECOND(E7)),"00")} -> 00 | O7: {=_xlfn.SWITCH(TRUE,AND(L7="00",K7<>"TERMINAL"),TEXT($B$2,"00"),L7=TEXT($B$1,"00"),TEXT($B$1,"00"),L7=TEXT($D$1,"00"),TEXT($D$1,"00"),TRUE,+L7)} -> 08 | P7: {=_xlfn.SWITCH(TRUE,OR(L7=TEXT($B$1,"00"),L7=TEXT($D$1,"00")),"00",AND(M7="00",K7<>"TERMINAL"),TEXT($D$2,"00"),TRUE,M7)} -> 07 | Q7: {=_xlfn.SWITCH(TRUE,OR(L7=TEXT($B$1,"00"),L7=TEXT($D$1,"00")),"00",AND(N7="00",K7<>"TERMINAL"),TEXT($F$2,"00"),TRUE,N7)} -> 60 | R7: =IF(OR(L7="25",L7="26"),TEXT(MAX(VALUE(R6),VALUE(Y6)),"00"),L7) -> 08 | S7: {=_xlfn.SWITCH(TRUE,F7="T",TEXT($F$1,"00"),AND(F7="",K7<>"TERMINAL"),"00",TRUE,TEXT(HOUR(F7),"00"))} -> 08 | T7: {=TEXT(_xlfn.SWITCH(TRUE,F7="T","00",AND(F7="",K7<>"TERMINAL"),"00",TRUE,MINUTE(F7)),"00")} -> 07 | U7: {=TEXT(_xlfn.SWITCH(TRUE,F7="T","00",AND(F7="",K7<>"TERMINAL"),"00",TRUE,SECOND(F7)),"00")} -> 45 | V7: =IF(AND(S7="00",F6<>"t",V6<>"00"),"24",S7) -> 08 | W7: {=_xlfn.SWITCH(TRUE,OR(S7=TEXT($B$1,"00"),S7=TEXT($D$1,"00")),"00",AND(T7="00",K7<>"TERMINAL"),TEXT($D$2,"00"),TRUE,T7)} -> 07 | X7: {=_xlfn.SWITCH(TRUE,OR(S7=TEXT($B$1,"00"),S7=TEXT($D$1,"00")),"00",AND(U7="00",K7<>"TERMINAL"),TEXT($F$2,"00"),TRUE,U7)} -> 45 | Y7: =IF(OR(S7="27"),S6,S7) -> 08 | Z7: =IF(OR(Y7>R7,R7>Y6),"TRUE","FALSE") -> FALSE | AA7: =IF(Z7="TRUE",O7&P7&Q7,IF(OR(L7="25",L7="26"),O7&P7&Q7,"00"&P7&Q7)) -> 000760 | AB7: =IF(Z7="TRUE",V7&W7&X7,IF(S7="27",V7&W7&X7,"00"&W7&X7)) -> 000745 | AC7: {=TEXT($D7,"000")&TEXT(IFERROR(INDEX($D$5:$D$103,_xlfn.AGGREGATE(15,6,ROW($E$5:$E$103)/(($E$5:$E$103<>"p")*($E$5:$E$103<>"t")*(ROW($E$5:$E$103)>ROW($E7))),1)-ROW($E$5)+1),$D7),"000")} -> 053066 | AD7: {=TEXT(_xlfn.XLOOKUP(TRUE, AA8:AA$103<>"250000", AA8:AA$103, "未找到"),"000000")} -> 001660 | AE7: {=_xlfn.SWITCH(TRUE,J7<>"",TEXT(J7,"MMSS"),TRUE,IFERROR(TEXT(E8-F7,"MMSS"),"0000"))} -> 0200
A8: 5 | B8: 川 口 | C8: 15880 | D8: 65 | E8: p | F8: 0.34010417 | K8: =IF(E7="着(hh:mm:ss)","start",IF(E8="p","pass",IF(OR(F8="t",K7="terminal"),"terminal","stop"))) -> pass | L8: {=TEXT(_xlfn.SWITCH(TRUE,E8="P",$B$1,AND(E8="",K8<>"TERMINAL"),$D$1,TRUE,HOUR(E8)),"00")} -> 25 | M8: {=TEXT(_xlfn.SWITCH(TRUE,E8="P","00",AND(E8="",K8<>"TERMINAL"),"00",TRUE,MINUTE(E8)),"00")} -> 00 | N8: {=TEXT(_xlfn.SWITCH(TRUE,E8="P","00",AND(E8="",K8<>"TERMINAL"),"00",TRUE,SECOND(E8)),"00")} -> 00 | O8: {=_xlfn.SWITCH(TRUE,AND(L8="00",K8<>"TERMINAL"),TEXT($B$2,"00"),L8=TEXT($B$1,"00"),TEXT($B$1,"00"),L8=TEXT($D$1,"00"),TEXT($D$1,"00"),TRUE,+L8)} -> 25 | P8: {=_xlfn.SWITCH(TRUE,OR(L8=TEXT($B$1,"00"),L8=TEXT($D$1,"00")),"00",AND(M8="00",K8<>"TERMINAL"),TEXT($D$2,"00"),TRUE,M8)} -> 00 | Q8: {=_xlfn.SWITCH(TRUE,OR(L8=TEXT($B$1,"00"),L8=TEXT($D$1,"00")),"00",AND(N8="00",K8<>"TERMINAL"),TEXT($F$2,"00"),TRUE,N8)} -> 00 | R8: =IF(OR(L8="25",L8="26"),TEXT(MAX(VALUE(R7),VALUE(Y7)),"00"),L8) -> 08 | S8: {=_xlfn.SWITCH(TRUE,F8="T",TEXT($F$1,"00"),AND(F8="",K8<>"TERMINAL"),"00",TRUE,TEXT(HOUR(F8),"00"))} -> 08 | T8: {=TEXT(_xlfn.SWITCH(TRUE,F8="T","00",AND(F8="",K8<>"TERMINAL"),"00",TRUE,MINUTE(F8)),"00")} -> 09 | U8: {=TEXT(_xlfn.SWITCH(TRUE,F8="T","00",AND(F8="",K8<>"TERMINAL"),"00",TRUE,SECOND(F8)),"00")} -> 45 | V8: =IF(AND(S8="00",F7<>"t",V7<>"00"),"24",S8) -> 08 | W8: {=_xlfn.SWITCH(TRUE,OR(S8=TEXT($B$1,"00"),S8=TEXT($D$1,"00")),"00",AND(T8="00",K8<>"TERMINAL"),TEXT($D$2,"00"),TRUE,T8)} -> 09 | X8: {=_xlfn.SWITCH(TRUE,OR(S8=TEXT($B$1,"00"),S8=TEXT($D$1,"00")),"00",AND(U8="00",K8<>"TERMINAL"),TEXT($F$2,"00"),TRUE,U8)} -> 45 | Y8: =IF(OR(S8="27"),S7,S8) -> 08 | Z8: =IF(OR(Y8>R8,R8>Y7),"TRUE","FALSE") -> FALSE | AA8: =IF(Z8="TRUE",O8&P8&Q8,IF(OR(L8="25",L8="26"),O8&P8&Q8,"00"&P8&Q8)) -> 250000 | AB8: =IF(Z8="TRUE",V8&W8&X8,IF(S8="27",V8&W8&X8,"00"&W8&X8)) -> 000945 | AC8: {=TEXT($D8,"000")&TEXT(IFERROR(INDEX($D$5:$D$103,_xlfn.AGGREGATE(15,6,ROW($E$5:$E$103)/(($E$5:$E$103<>"p")*($E$5:$E$103<>"t")*(ROW($E$5:$E$103)>ROW($E8))),1)-ROW($E$5)+1),$D8),"000")} -> 065066 | AD8: {=TEXT(_xlfn.XLOOKUP(TRUE, AA9:AA$103<>"250000", AA9:AA$103, "未找到"),"000000")} -> 001660 | AE8: {=_xlfn.SWITCH(TRUE,J8<>"",TEXT(J8,"MMSS"),TRUE,IFERROR(TEXT(E9-F8,"MMSS"),"0000"))} -> 0615
A9: 6 | B9: 浦 和 | C9: 24240 | D9: 66 | E9: 0.34444444 | F9: 0.34479167 | J9: =F10-F9 -> 0.0022569444 | K9: =IF(E8="着(hh:mm:ss)","start",IF(E9="p","pass",IF(OR(F9="t",K8="terminal"),"terminal","stop"))) -> stop | L9: {=TEXT(_xlfn.SWITCH(TRUE,E9="P",$B$1,AND(E9="",K9<>"TERMINAL"),$D$1,TRUE,HOUR(E9)),"00")} -> 08 | M9: {=TEXT(_xlfn.SWITCH(TRUE,E9="P","00",AND(E9="",K9<>"TERMINAL"),"00",TRUE,MINUTE(E9)),"00")} -> 16 | N9: {=TEXT(_xlfn.SWITCH(TRUE,E9="P","00",AND(E9="",K9<>"TERMINAL"),"00",TRUE,SECOND(E9)),"00")} -> 00 | O9: {=_xlfn.SWITCH(TRUE,AND(L9="00",K9<>"TERMINAL"),TEXT($B$2,"00"),L9=TEXT($B$1,"00"),TEXT($B$1,"00"),L9=TEXT($D$1,"00"),TEXT($D$1,"00"),TRUE,+L9)} -> 08 | P9: {=_xlfn.SWITCH(TRUE,OR(L9=TEXT($B$1,"00"),L9=TEXT($D$1,"00")),"00",AND(M9="00",K9<>"TERMINAL"),TEXT($D$2,"00"),TRUE,M9)} -> 16 | Q9: {=_xlfn.SWITCH(TRUE,OR(L9=TEXT($B$1,"00"),L9=TEXT($D$1,"00")),"00",AND(N9="00",K9<>"TERMINAL"),TEXT($F$2,"00"),TRUE,N9)} -> 60 | R9: =IF(OR(L9="25",L9="26"),TEXT(MAX(VALUE(R8),VALUE(Y8)),"00"),L9) -> 08 | S9: {=_xlfn.SWITCH(TRUE,F9="T",TEXT($F$1,"00"),AND(F9="",K9<>"TERMINAL"),"00",TRUE,TEXT(HOUR(F9),"00"))} -> 08 | T9: {=TEXT(_xlfn.SWITCH(TRUE,F9="T","00",AND(F9="",K9<>"TERMINAL"),"00",TRUE,MINUTE(F9)),"00")} -> 16 | U9: {=TEXT(_xlfn.SWITCH(TRUE,F9="T","00",AND(F9="",K9<>"TERMINAL"),"00",TRUE,SECOND(F9)),"00")} -> 30 | V9: =IF(AND(S9="00",F8<>"t",V8<>"00"),"24",S9) -> 08 | W9: {=_xlfn.SWITCH(TRUE,OR(S9=TEXT($B$1,"00"),S9=TEXT($D$1,"00")),"00",AND(T9="00",K9<>"TERMINAL"),TEXT($D$2,"00"),TRUE,T9)} -> 16 | X9: {=_xlfn.SWITCH(TRUE,OR(S9=TEXT($B$1,"00"),S9=TEXT($D$1,"00")),"00",AND(U9="00",K9<>"TERMINAL"),TEXT($F$2,"00"),TRUE,U9)} -> 30 | Y9: =IF(OR(S9="27"),S8,S9) -> 08 | Z9: =IF(OR(Y9>R9,R9>Y8),"TRUE","FALSE") -> FALSE | AA9: =IF(Z9="TRUE",O9&P9&Q9,IF(OR(L9="25",L9="26"),O9&P9&Q9,"00"&P9&Q9)) -> 001660 | AB9: =IF(Z9="TRUE",V9&W9&X9,IF(S9="27",V9&W9&X9,"00"&W9&X9)) -> 001630 | AC9: {=TEXT($D9,"000")&TEXT(IFERROR(INDEX($D$5:$D$103,_xlfn.AGGREGATE(15,6,ROW($E$5:$E$103)/(($E$5:$E$103<>"p")*($E$5:$E$103<>"t")*(ROW($E$5:$E$103)>ROW($E9))),1)-ROW($E$5)+1),$D9),"000")} -> 066069 | AD9: {=TEXT(_xlfn.XLOOKUP(TRUE, AA10:AA$103<>"250000", AA10:AA$103, "未找到"),"000000")} -> 002260 | AE9: {=_xlfn.SWITCH(TRUE,J9<>"",TEXT(J9,"MMSS"),TRUE,IFERROR(TEXT(E10-F9,"MMSS"),"0000"))} -> 0315
A10: 7 | B10: さ新都心 | C10: 28915 | D10: 67 | E10: p | F10: 0.34704861 | K10: =IF(E9="着(hh:mm:ss)","start",IF(E10="p","pass",IF(OR(F10="t",K9="terminal"),"terminal","stop"))) -> pass | L10: {=TEXT(_xlfn.SWITCH(TRUE,E10="P",$B$1,AND(E10="",K10<>"TERMINAL"),$D$1,TRUE,HOUR(E10)),"00")} -> 25 | M10: {=TEXT(_xlfn.SWITCH(TRUE,E10="P","00",AND(E10="",K10<>"TERMINAL"),"00",TRUE,MINUTE(E10)),"00")} -> 00 | N10: {=TEXT(_xlfn.SWITCH(TRUE,E10="P","00",AND(E10="",K10<>"TERMINAL"),"00",TRUE,SECOND(E10)),"00")} -> 00 | O10: {=_xlfn.SWITCH(TRUE,AND(L10="00",K10<>"TERMINAL"),TEXT($B$2,"00"),L10=TEXT($B$1,"00"),TEXT($B$1,"00"),L10=TEXT($D$1,"00"),TEXT($D$1,"00"),TRUE,+L10)} -> 25 | P10: {=_xlfn.SWITCH(TRUE,OR(L10=TEXT($B$1,"00"),L10=TEXT($D$1,"00")),"00",AND(M10="00",K10<>"TERMINAL"),TEXT($D$2,"00"),TRUE,M10)} -> 00 | Q10: {=_xlfn.SWITCH(TRUE,OR(L10=TEXT($B$1,"00"),L10=TEXT($D$1,"00")),"00",AND(N10="00",K10<>"TERMINAL"),TEXT($F$2,"00"),TRUE,N10)} -> 00 | R10: =IF(OR(L10="25",L10="26"),TEXT(MAX(VALUE(R9),VALUE(Y9)),"00"),L10) -> 08 | S10: {=_xlfn.SWITCH(TRUE,F10="T",TEXT($F$1,"00"),AND(F10="",K10<>"TERMINAL"),"00",TRUE,TEXT(HOUR(F10),"00"))} -> 08 | T10: {=TEXT(_xlfn.SWITCH(TRUE,F10="T","00",AND(F10="",K10<>"TERMINAL"),"00",TRUE,MINUTE(F10)),"00")} -> 19 | U10: {=TEXT(_xlfn.SWITCH(TRUE,F10="T","00",AND(F10="",K10<>"TERMINAL"),"00",TRUE,SECOND(F10)),"00")} -> 45 | V10: =IF(AND(S10="00",F9<>"t",V9<>"00"),"24",S10) -> 08 | W10: {=_xlfn.SWITCH(TRUE,OR(S10=TEXT($B$1,"00"),S10=TEXT($D$1,"00")),"00",AND(T10="00",K10<>"TERMINAL"),TEXT($D$2,"00"),TRUE,T10)} -> 19 | X10: {=_xlfn.SWITCH(TRUE,OR(S10=TEXT($B$1,"00"),S10=TEXT($D$1,"00")),"00",AND(U10="00",K10<>"TERMINAL"),TEXT($F$2,"00"),TRUE,U10)} -> 45 | Y10: =IF(OR(S10="27"),S9,S10) -> 08 | Z10: =IF(OR(Y10>R10,R10>Y9),"TRUE","FALSE") -> FALSE | AA10: =IF(Z10="TRUE",O10&P10&Q10,IF(OR(L10="25",L10="26"),O10&P10&Q10,"00"&P10&Q10)) -> 250000 | AB10: =IF(Z10="TRUE",V10&W10&X10,IF(S10="27",V10&W10&X10,"00"&W10&X10)) -> 001945 | AC10: {=TEXT($D10,"000")&TEXT(IFERROR(INDEX($D$5:$D$103,_xlfn.AGGREGATE(15,6,ROW($E$5:$E$103)/(($E$5:$E$103<>"p")*($E$5:$E$103<>"t")*(ROW($E$5:$E$103)>ROW($E10))),1)-ROW($E$5)+1),$D10),"000")} -> 067069 | AD10: {=TEXT(_xlfn.XLOOKUP(TRUE, AA11:AA$103<>"250000", AA11:AA$103, "未找到"),"000000")} -> 002260 | AE10: {=_xlfn.SWITCH(TRUE,J10<>"",TEXT(J10,"MMSS"),TRUE,IFERROR(TEXT(E11-F10,"MMSS"),"0000"))} -> 0215
A11: 8 | B11: 大 宮 | C11: 30560 | D11: 69 | E11: 0.34861111 | F11: 0.34930556 | H11: 45 | J11: =F12-F11 -> 0.0019097222 | K11: =IF(E10="着(hh:mm:ss)","start",IF(E11="p","pass",IF(OR(F11="t",K10="terminal"),"terminal","stop"))) -> stop | L11: {=TEXT(_xlfn.SWITCH(TRUE,E11="P",$B$1,AND(E11="",K11<>"TERMINAL"),$D$1,TRUE,HOUR(E11)),"00")} -> 08 | M11: {=TEXT(_xlfn.SWITCH(TRUE,E11="P","00",AND(E11="",K11<>"TERMINAL"),"00",TRUE,MINUTE(E11)),"00")} -> 22 | N11: {=TEXT(_xlfn.SWITCH(TRUE,E11="P","00",AND(E11="",K11<>"TERMINAL"),"00",TRUE,SECOND(E11)),"00")} -> 00 | O11: {=_xlfn.SWITCH(TRUE,AND(L11="00",K11<>"TERMINAL"),TEXT($B$2,"00"),L11=TEXT($B$1,"00"),TEXT($B$1,"00"),L11=TEXT($D$1,"00"),TEXT($D$1,"00"),TRUE,+L11)} -> 08 | P11: {=_xlfn.SWITCH(TRUE,OR(L11=TEXT($B$1,"00"),L11=TEXT($D$1,"00")),"00",AND(M11="00",K11<>"TERMINAL"),TEXT($D$2,"00"),TRUE,M11)} -> 22 | Q11: {=_xlfn.SWITCH(TRUE,OR(L11=TEXT($B$1,"00"),L11=TEXT($D$1,"00")),"00",AND(N11="00",K11<>"TERMINAL"),TEXT($F$2,"00"),TRUE,N11)} -> 60 | R11: =IF(OR(L11="25",L11="26"),TEXT(MAX(VALUE(R10),VALUE(Y10)),"00"),L11) -> 08 | S11: {=_xlfn.SWITCH(TRUE,F11="T",TEXT($F$1,"00"),AND(F11="",K11<>"TERMINAL"),"00",TRUE,TEXT(HOUR(F11),"00"))} -> 08 | T11: {=TEXT(_xlfn.SWITCH(TRUE,F11="T","00",AND(F11="",K11<>"TERMINAL"),"00",TRUE,MINUTE(F11)),"00")} -> 23 | U11: {=TEXT(_xlfn.SWITCH(TRUE,F11="T","00",AND(F11="",K11<>"TERMINAL"),"00",TRUE,SECOND(F11)),"00")} -> 00 | V11: =IF(AND(S11="00",F10<>"t",V10<>"00"),"24",S11) -> 08 | W11: {=_xlfn.SWITCH(TRUE,OR(S11=TEXT($B$1,"00"),S11=TEXT($D$1,"00")),"00",AND(T11="00",K11<>"TERMINAL"),TEXT($D$2,"00"),TRUE,T11)} -> 23 | X11: {=_xlfn.SWITCH(TRUE,OR(S11=TEXT($B$1,"00"),S11=TEXT($D$1,"00")),"00",AND(U11="00",K11<>"TERMINAL"),TEXT($F$2,"00"),TRUE,U11)} -> 60 | Y11: =IF(OR(S11="27"),S10,S11) -> 08 | Z11: =IF(OR(Y11>R11,R11>Y10),"TRUE","FALSE") -> FALSE | AA11: =IF(Z11="TRUE",O11&P11&Q11,IF(OR(L11="25",L11="26"),O11&P11&Q11,"00"&P11&Q11)) -> 002260 | AB11: =IF(Z11="TRUE",V11&W11&X11,IF(S11="27",V11&W11&X11,"00"&W11&X11)) -> 002360 | AC11: {=TEXT($D11,"000")&TEXT(IFERROR(INDEX($D$5:$D$103,_xlfn.AGGREGATE(15,6,ROW($E$5:$E$103)/(($E$5:$E$103<>"p")*($E$5:$E$103<>"t")*(ROW($E$5:$E$103)>ROW($E11))),1)-ROW($E$5)+1),$D11),"000")} -> 069073 | AD11: {=TEXT(_xlfn.XLOOKUP(TRUE, AA12:AA$103<>"250000", AA12:AA$103, "未找到"),"000000")} -> 002945 | AE11: {=_xlfn.SWITCH(TRUE,J11<>"",TEXT(J11,"MMSS"),TRUE,IFERROR(TEXT(E12-F11,"MMSS"),"0000"))} -> 0245
A12: 9 | B12: 土 呂 | C12: 33570 | D12: 70 | E12: p | F12: 0.35121528 | J12: =F13-F12 -> 0.0010416667 | K12: =IF(E11="着(hh:mm:ss)","start",IF(E12="p","pass",IF(OR(F12="t",K11="terminal"),"terminal","stop"))) -> pass | L12: {=TEXT(_xlfn.SWITCH(TRUE,E12="P",$B$1,AND(E12="",K12<>"TERMINAL"),$D$1,TRUE,HOUR(E12)),"00")} -> 25 | M12: {=TEXT(_xlfn.SWITCH(TRUE,E12="P","00",AND(E12="",K12<>"TERMINAL"),"00",TRUE,MINUTE(E12)),"00")} -> 00 | N12: {=TEXT(_xlfn.SWITCH(TRUE,E12="P","00",AND(E12="",K12<>"TERMINAL"),"00",TRUE,SECOND(E12)),"00")} -> 00 | O12: {=_xlfn.SWITCH(TRUE,AND(L12="00",K12<>"TERMINAL"),TEXT($B$2,"00"),L12=TEXT($B$1,"00"),TEXT($B$1,"00"),L12=TEXT($D$1,"00"),TEXT($D$1,"00"),TRUE,+L12)} -> 25 | P12: {=_xlfn.SWITCH(TRUE,OR(L12=TEXT($B$1,"00"),L12=TEXT($D$1,"00")),"00",AND(M12="00",K12<>"TERMINAL"),TEXT($D$2,"00"),TRUE,M12)} -> 00 | Q12: {=_xlfn.SWITCH(TRUE,OR(L12=TEXT($B$1,"00"),L12=TEXT($D$1,"00")),"00",AND(N12="00",K12<>"TERMINAL"),TEXT($F$2,"00"),TRUE,N12)} -> 00 | R12: =IF(OR(L12="25",L12="26"),TEXT(MAX(VALUE(R11),VALUE(Y11)),"00"),L12) -> 08 | S12: {=_xlfn.SWITCH(TRUE,F12="T",TEXT($F$1,"00"),AND(F12="",K12<>"TERMINAL"),"00",TRUE,TEXT(HOUR(F12),"00"))} -> 08 | T12: {=TEXT(_xlfn.SWITCH(TRUE,F12="T","00",AND(F12="",K12<>"TERMINAL"),"00",TRUE,MINUTE(F12)),"00")} -> 25 | U12: {=TEXT(_xlfn.SWITCH(TRUE,F12="T","00",AND(F12="",K12<>"TERMINAL"),"00",TRUE,SECOND(F12)),"00")} -> 45 | V12: =IF(AND(S12="00",F11<>"t",V11<>"00"),"24",S12) -> 08 | W12: {=_xlfn.SWITCH(TRUE,OR(S12=TEXT($B$1,"00"),S12=TEXT($D$1,"00")),"00",AND(T12="00",K12<>"TERMINAL"),TEXT($D$2,"00"),TRUE,T12)} -> 25 | X12: {=_xlfn.SWITCH(TRUE,OR(S12=TEXT($B$1,"00"),S12=TEXT($D$1,"00")),"00",AND(U12="00",K12<>"TERMINAL"),TEXT($F$2,"00"),TRUE,U12)} -> 45 | Y12: =IF(OR(S12="27"),S11,S12) -> 08 | Z12: =IF(OR(Y12>R12,R12>Y11),"TRUE","FALSE") -> FALSE | AA12: =IF(Z12="TRUE",O12&P12&Q12,IF(OR(L12="25",L12="26"),O12&P12&Q12,"00"&P12&Q12)) -> 250000 | AB12: =IF(Z12="TRUE",V12&W12&X12,IF(S12="27",V12&W12&X12,"00"&W12&X12)) -> 002545 | AC12: {=TEXT($D12,"000")&TEXT(IFERROR(INDEX($D$5:$D$103,_xlfn.AGGREGATE(15,6,ROW($E$5:$E$103)/(($E$5:$E$103<>"p")*($E$5:$E$103<>"t")*(ROW($E$5:$E$103)>ROW($E12))),1)-ROW($E$5)+1),$D12),"000")} -> 070073 | AD12: {=TEXT(_xlfn.XLOOKUP(TRUE, AA13:AA$103<>"250000", AA13:AA$103, "未找到"),"000000")} -> 002945 | AE12: {=_xlfn.SWITCH(TRUE,J12<>"",TEXT(J12,"MMSS"),TRUE,IFERROR(TEXT(E13-F12,"MMSS"),"0000"))} -> 0130
A13: 10 | B13: 東 大 宮 | C13: 35668 | D13: 72 | E13: p | F13: 0.35225694 | K13: =IF(E12="着(hh:mm:ss)","start",IF(E13="p","pass",IF(OR(F13="t",K12="terminal"),"terminal","stop"))) -> pass | L13: {=TEXT(_xlfn.SWITCH(TRUE,E13="P",$B$1,AND(E13="",K13<>"TERMINAL"),$D$1,TRUE,HOUR(E13)),"00")} -> 25 | M13: {=TEXT(_xlfn.SWITCH(TRUE,E13="P","00",AND(E13="",K13<>"TERMINAL"),"00",TRUE,MINUTE(E13)),"00")} -> 00 | N13: {=TEXT(_xlfn.SWITCH(TRUE,E13="P","00",AND(E13="",K13<>"TERMINAL"),"00",TRUE,SECOND(E13)),"00")} -> 00 | O13: {=_xlfn.SWITCH(TRUE,AND(L13="00",K13<>"TERMINAL"),TEXT($B$2,"00"),L13=TEXT($B$1,"00"),TEXT($B$1,"00"),L13=TEXT($D$1,"00"),TEXT($D$1,"00"),TRUE,+L13)} -> 25 | P13: {=_xlfn.SWITCH(TRUE,OR(L13=TEXT($B$1,"00"),L13=TEXT($D$1,"00")),"00",AND(M13="00",K13<>"TERMINAL"),TEXT($D$2,"00"),TRUE,M13)} -> 00 | Q13: {=_xlfn.SWITCH(TRUE,OR(L13=TEXT($B$1,"00"),L13=TEXT($D$1,"00")),"00",AND(N13="00",K13<>"TERMINAL"),TEXT($F$2,"00"),TRUE,N13)} -> 00 | R13: =IF(OR(L13="25",L13="26"),TEXT(MAX(VALUE(R12),VALUE(Y12)),"00"),L13) -> 08 | S13: {=_xlfn.SWITCH(TRUE,F13="T",TEXT($F$1,"00"),AND(F13="",K13<>"TERMINAL"),"00",TRUE,TEXT(HOUR(F13),"00"))} -> 08 | T13: {=TEXT(_xlfn.SWITCH(TRUE,F13="T","00",AND(F13="",K13<>"TERMINAL"),"00",TRUE,MINUTE(F13)),"00")} -> 27 | U13: {=TEXT(_xlfn.SWITCH(TRUE,F13="T","00",AND(F13="",K13<>"TERMINAL"),"00",TRUE,SECOND(F13)),"00")} -> 15 | V13: =IF(AND(S13="00",F12<>"t",V12<>"00"),"24",S13) -> 08 | W13: {=_xlfn.SWITCH(TRUE,OR(S13=TEXT($B$1,"00"),S13=TEXT($D$1,"00")),"00",AND(T13="00",K13<>"TERMINAL"),TEXT($D$2,"00"),TRUE,T13)} -> 27 | X13: {=_xlfn.SWITCH(TRUE,OR(S13=TEXT($B$1,"00"),S13=TEXT($D$1,"00")),"00",AND(U13="00",K13<>"TERMINAL"),TEXT($F$2,"00"),TRUE,U13)} -> 15 | Y13: =IF(OR(S13="27"),S12,S13) -> 08 | Z13: =IF(OR(Y13>R13,R13>Y12),"TRUE","FALSE") -> FALSE | AA13: =IF(Z13="TRUE",O13&P13&Q13,IF(OR(L13="25",L13="26"),O13&P13&Q13,"00"&P13&Q13)) -> 250000 | AB13: =IF(Z13="TRUE",V13&W13&X13,IF(S13="27",V13&W13&X13,"00"&W13&X13)) -> 002715 | AC13: {=TEXT($D13,"000")&TEXT(IFERROR(INDEX($D$5:$D$103,_xlfn.AGGREGATE(15,6,ROW($E$5:$E$103)/(($E$5:$E$103<>"p")*($E$5:$E$103<>"t")*(ROW($E$5:$E$103)>ROW($E13))),1)-ROW($E$5)+1),$D13),"000")} -> 072073 | AD13: {=TEXT(_xlfn.XLOOKUP(TRUE, AA14:AA$103<>"250000", AA14:AA$103, "未找到"),"000000")} -> 002945 | AE13: {=_xlfn.SWITCH(TRUE,J13<>"",TEXT(J13,"MMSS"),TRUE,IFERROR(TEXT(E14-F13,"MMSS"),"0000"))} -> 0230
A14: 11 | B14: 蓮 田 | C14: 39538 | D14: 73 | E14: 0.35399306 | F14: 0.35434028 | J14: =F15-F14 -> 0.0020833333 | K14: =IF(E13="着(hh:mm:ss)","start",IF(E14="p","pass",IF(OR(F14="t",K13="terminal"),"terminal","stop"))) -> stop | L14: {=TEXT(_xlfn.SWITCH(TRUE,E14="P",$B$1,AND(E14="",K14<>"TERMINAL"),$D$1,TRUE,HOUR(E14)),"00")} -> 08 | M14: {=TEXT(_xlfn.SWITCH(TRUE,E14="P","00",AND(E14="",K14<>"TERMINAL"),"00",TRUE,MINUTE(E14)),"00")} -> 29 | N14: {=TEXT(_xlfn.SWITCH(TRUE,E14="P","00",AND(E14="",K14<>"TERMINAL"),"00",TRUE,SECOND(E14)),"00")} -> 45 | O14: {=_xlfn.SWITCH(TRUE,AND(L14="00",K14<>"TERMINAL"),TEXT($B$2,"00"),L14=TEXT($B$1,"00"),TEXT($B$1,"00"),L14=TEXT($D$1,"00"),TEXT($D$1,"00"),TRUE,+L14)} -> 08 | P14: {=_xlfn.SWITCH(TRUE,OR(L14=TEXT($B$1,"00"),L14=TEXT($D$1,"00")),"00",AND(M14="00",K14<>"TERMINAL"),TEXT($D$2,"00"),TRUE,M14)} -> 29 | Q14: {=_xlfn.SWITCH(TRUE,OR(L14=TEXT($B$1,"00"),L14=TEXT($D$1,"00")),"00",AND(N14="00",K14<>"TERMINAL"),TEXT($F$2,"00"),TRUE,N14)} -> 45 | R14: =IF(OR(L14="25",L14="26"),TEXT(MAX(VALUE(R13),VALUE(Y13)),"00"),L14) -> 08 | S14: {=_xlfn.SWITCH(TRUE,F14="T",TEXT($F$1,"00"),AND(F14="",K14<>"TERMINAL"),"00",TRUE,TEXT(HOUR(F14),"00"))} -> 08 | T14: {=TEXT(_xlfn.SWITCH(TRUE,F14="T","00",AND(F14="",K14<>"TERMINAL"),"00",TRUE,MINUTE(F14)),"00")} -> 30 | U14: {=TEXT(_xlfn.SWITCH(TRUE,F14="T","00",AND(F14="",K14<>"TERMINAL"),"00",TRUE,SECOND(F14)),"00")} -> 15 | V14: =IF(AND(S14="00",F13<>"t",V13<>"00"),"24",S14) -> 08 | W14: {=_xlfn.SWITCH(TRUE,OR(S14=TEXT($B$1,"00"),S14=TEXT($D$1,"00")),"00",AND(T14="00",K14<>"TERMINAL"),TEXT($D$2,"00"),TRUE,T14)} -> 30 | X14: {=_xlfn.SWITCH(TRUE,OR(S14=TEXT($B$1,"00"),S14=TEXT($D$1,"00")),"00",AND(U14="00",K14<>"TERMINAL"),TEXT($F$2,"00"),TRUE,U14)} -> 15 | Y14: =IF(OR(S14="27"),S13,S14) -> 08 | Z14: =IF(OR(Y14>R14,R14>Y13),"TRUE","FALSE") -> FALSE | AA14: =IF(Z14="TRUE",O14&P14&Q14,IF(OR(L14="25",L14="26"),O14&P14&Q14,"00"&P14&Q14)) -> 002945 | AB14: =IF(Z14="TRUE",V14&W14&X14,IF(S14="27",V14&W14&X14,"00"&W14&X14)) -> 003015 | AC14: {=TEXT($D14,"000")&TEXT(IFERROR(INDEX($D$5:$D$103,_xlfn.AGGREGATE(15,6,ROW($E$5:$E$103)/(($E$5:$E$103<>"p")*($E$5:$E$103<>"t")*(ROW($E$5:$E$103)>ROW($E14))),1)-ROW($E$5)+1),$D14),"000")} -> 073076 | AD14: {=TEXT(_xlfn.XLOOKUP(TRUE, AA15:AA$103<>"250000", AA15:AA$103, "未找到"),"000000")} -> 003760 | AE14: {=_xlfn.SWITCH(TRUE,J14<>"",TEXT(J14,"MMSS"),TRUE,IFERROR(TEXT(E15-F14,"MMSS"),"0000"))} -> 0300
A15: 12 | B15: 白 岡 | C15: 43818 | D15: 74 | E15: p | F15: 0.35642361 | J15: =F16-F15 -> 0.0010416667 | K15: =IF(E14="着(hh:mm:ss)","start",IF(E15="p","pass",IF(OR(F15="t",K14="terminal"),"terminal","stop"))) -> pass | L15: {=TEXT(_xlfn.SWITCH(TRUE,E15="P",$B$1,AND(E15="",K15<>"TERMINAL"),$D$1,TRUE,HOUR(E15)),"00")} -> 25 | M15: {=TEXT(_xlfn.SWITCH(TRUE,E15="P","00",AND(E15="",K15<>"TERMINAL"),"00",TRUE,MINUTE(E15)),"00")} -> 00 | N15: {=TEXT(_xlfn.SWITCH(TRUE,E15="P","00",AND(E15="",K15<>"TERMINAL"),"00",TRUE,SECOND(E15)),"00")} -> 00 | O15: {=_xlfn.SWITCH(TRUE,AND(L15="00",K15<>"TERMINAL"),TEXT($B$2,"00"),L15=TEXT($B$1,"00"),TEXT($B$1,"00"),L15=TEXT($D$1,"00"),TEXT($D$1,"00"),TRUE,+L15)} -> 25 | P15: {=_xlfn.SWITCH(TRUE,OR(L15=TEXT($B$1,"00"),L15=TEXT($D$1,"00")),"00",AND(M15="00",K15<>"TERMINAL"),TEXT($D$2,"00"),TRUE,M15)} -> 00 | Q15: {=_xlfn.SWITCH(TRUE,OR(L15=TEXT($B$1,"00"),L15=TEXT($D$1,"00")),"00",AND(N15="00",K15<>"TERMINAL"),TEXT($F$2,"00"),TRUE,N15)} -> 00 | R15: =IF(OR(L15="25",L15="26"),TEXT(MAX(VALUE(R14),VALUE(Y14)),"00"),L15) -> 08 | S15: {=_xlfn.SWITCH(TRUE,F15="T",TEXT($F$1,"00"),AND(F15="",K15<>"TERMINAL"),"00",TRUE,TEXT(HOUR(F15),"00"))} -> 08 | T15: {=TEXT(_xlfn.SWITCH(TRUE,F15="T","00",AND(F15="",K15<>"TERMINAL"),"00",TRUE,MINUTE(F15)),"00")} -> 33 | U15: {=TEXT(_xlfn.SWITCH(TRUE,F15="T","00",AND(F15="",K15<>"TERMINAL"),"00",TRUE,SECOND(F15)),"00")} -> 15 | V15: =IF(AND(S15="00",F14<>"t",V14<>"00"),"24",S15) -> 08 | W15: {=_xlfn.SWITCH(TRUE,OR(S15=TEXT($B$1,"00"),S15=TEXT($D$1,"00")),"00",AND(T15="00",K15<>"TERMINAL"),TEXT($D$2,"00"),TRUE,T15)} -> 33 | X15: {=_xlfn.SWITCH(TRUE,OR(S15=TEXT($B$1,"00"),S15=TEXT($D$1,"00")),"00",AND(U15="00",K15<>"TERMINAL"),TEXT($F$2,"00"),TRUE,U15)} -> 15 | Y15: =IF(OR(S15="27"),S14,S15) -> 08 | Z15: =IF(OR(Y15>R15,R15>Y14),"TRUE","FALSE") -> FALSE | AA15: =IF(Z15="TRUE",O15&P15&Q15,IF(OR(L15="25",L15="26"),O15&P15&Q15,"00"&P15&Q15)) -> 250000 | AB15: =IF(Z15="TRUE",V15&W15&X15,IF(S15="27",V15&W15&X15,"00"&W15&X15)) -> 003315 | AC15: {=TEXT($D15,"000")&TEXT(IFERROR(INDEX($D$5:$D$103,_xlfn.AGGREGATE(15,6,ROW($E$5:$E$103)/(($E$5:$E$103<>"p")*($E$5:$E$103<>"t")*(ROW($E$5:$E$103)>ROW($E15))),1)-ROW($E$5)+1),$D15),"000")} -> 074076 | AD15: {=TEXT(_xlfn.XLOOKUP(TRUE, AA16:AA$103<>"250000", AA16:AA$103, "未找到"),"000000")} -> 003760 | AE15: {=_xlfn.SWITCH(TRUE,J15<>"",TEXT(J15,"MMSS"),TRUE,IFERROR(TEXT(E16-F15,"MMSS"),"0000"))} -> 0130
A16: 13 | B16: 新 白 岡 | C16: 46196 | D16: 75 | E16: p | F16: 0.35746528 | K16: =IF(E15="着(hh:mm:ss)","start",IF(E16="p","pass",IF(OR(F16="t",K15="terminal"),"terminal","stop"))) -> pass | L16: {=TEXT(_xlfn.SWITCH(TRUE,E16="P",$B$1,AND(E16="",K16<>"TERMINAL"),$D$1,TRUE,HOUR(E16)),"00")} -> 25 | M16: {=TEXT(_xlfn.SWITCH(TRUE,E16="P","00",AND(E16="",K16<>"TERMINAL"),"00",TRUE,MINUTE(E16)),"00")} -> 00 | N16: {=TEXT(_xlfn.SWITCH(TRUE,E16="P","00",AND(E16="",K16<>"TERMINAL"),"00",TRUE,SECOND(E16)),"00")} -> 00 | O16: {=_xlfn.SWITCH(TRUE,AND(L16="00",K16<>"TERMINAL"),TEXT($B$2,"00"),L16=TEXT($B$1,"00"),TEXT($B$1,"00"),L16=TEXT($D$1,"00"),TEXT($D$1,"00"),TRUE,+L16)} -> 25 | P16: {=_xlfn.SWITCH(TRUE,OR(L16=TEXT($B$1,"00"),L16=TEXT($D$1,"00")),"00",AND(M16="00",K16<>"TERMINAL"),TEXT($D$2,"00"),TRUE,M16)} -> 00 | Q16: {=_xlfn.SWITCH(TRUE,OR(L16=TEXT($B$1,"00"),L16=TEXT($D$1,"00")),"00",AND(N16="00",K16<>"TERMINAL"),TEXT($F$2,"00"),TRUE,N16)} -> 00 | R16: =IF(OR(L16="25",L16="26"),TEXT(MAX(VALUE(R15),VALUE(Y15)),"00"),L16) -> 08 | S16: {=_xlfn.SWITCH(TRUE,F16="T",TEXT($F$1,"00"),AND(F16="",K16<>"TERMINAL"),"00",TRUE,TEXT(HOUR(F16),"00"))} -> 08 | T16: {=TEXT(_xlfn.SWITCH(TRUE,F16="T","00",AND(F16="",K16<>"TERMINAL"),"00",TRUE,MINUTE(F16)),"00")} -> 34 | U16: {=TEXT(_xlfn.SWITCH(TRUE,F16="T","00",AND(F16="",K16<>"TERMINAL"),"00",TRUE,SECOND(F16)),"00")} -> 45 | V16: =IF(AND(S16="00",F15<>"t",V15<>"00"),"24",S16) -> 08 | W16: {=_xlfn.SWITCH(TRUE,OR(S16=TEXT($B$1,"00"),S16=TEXT($D$1,"00")),"00",AND(T16="00",K16<>"TERMINAL"),TEXT($D$2,"00"),TRUE,T16)} -> 34 | X16: {=_xlfn.SWITCH(TRUE,OR(S16=TEXT($B$1,"00"),S16=TEXT($D$1,"00")),"00",AND(U16="00",K16<>"TERMINAL"),TEXT($F$2,"00"),TRUE,U16)} -> 45 | Y16: =IF(OR(S16="27"),S15,S16) -> 08 | Z16: =IF(OR(Y16>R16,R16>Y15),"TRUE","FALSE") -> FALSE | AA16: =IF(Z16="TRUE",O16&P16&Q16,IF(OR(L16="25",L16="26"),O16&P16&Q16,"00"&P16&Q16)) -> 250000 | AB16: =IF(Z16="TRUE",V16&W16&X16,IF(S16="27",V16&W16&X16,"00"&W16&X16)) -> 003445 | AC16: {=TEXT($D16,"000")&TEXT(IFERROR(INDEX($D$5:$D$103,_xlfn.AGGREGATE(15,6,ROW($E$5:$E$103)/(($E$5:$E$103<>"p")*($E$5:$E$103<>"t")*(ROW($E$5:$E$103)>ROW($E16))),1)-ROW($E$5)+1),$D16),"000")} -> 075076 | AD16: {=TEXT(_xlfn.XLOOKUP(TRUE, AA17:AA$103<>"250000", AA17:AA$103, "未找到"),"000000")} -> 003760 | AE16: {=_xlfn.SWITCH(TRUE,J16<>"",TEXT(J16,"MMSS"),TRUE,IFERROR(TEXT(E17-F16,"MMSS"),"0000"))} -> 0215
A17: 14 | B17: 久 喜 | C17: 49193 | D17: 76 | E17: 0.35902778 | F17: 0.359375 | H17: 85 | I17: 85 | J17: =F18-F17 -> 0.0017361111 | K17: =IF(E16="着(hh:mm:ss)","start",IF(E17="p","pass",IF(OR(F17="t",K16="terminal"),"terminal","stop"))) -> stop | L17: {=TEXT(_xlfn.SWITCH(TRUE,E17="P",$B$1,AND(E17="",K17<>"TERMINAL"),$D$1,TRUE,HOUR(E17)),"00")} -> 08 | M17: {=TEXT(_xlfn.SWITCH(TRUE,E17="P","00",AND(E17="",K17<>"TERMINAL"),"00",TRUE,MINUTE(E17)),"00")} -> 37 | N17: {=TEXT(_xlfn.SWITCH(TRUE,E17="P","00",AND(E17="",K17<>"TERMINAL"),"00",TRUE,SECOND(E17)),"00")} -> 00 | O17: {=_xlfn.SWITCH(TRUE,AND(L17="00",K17<>"TERMINAL"),TEXT($B$2,"00"),L17=TEXT($B$1,"00"),TEXT($B$1,"00"),L17=TEXT($D$1,"00"),TEXT($D$1,"00"),TRUE,+L17)} -> 08 | P17: {=_xlfn.SWITCH(TRUE,OR(L17=TEXT($B$1,"00"),L17=TEXT($D$1,"00")),"00",AND(M17="00",K17<>"TERMINAL"),TEXT($D$2,"00"),TRUE,M17)} -> 37 | Q17: {=_xlfn.SWITCH(TRUE,OR(L17=TEXT($B$1,"00"),L17=TEXT($D$1,"00")),"00",AND(N17="00",K17<>"TERMINAL"),TEXT($F$2,"00"),TRUE,N17)} -> 60 | R17: =IF(OR(L17="25",L17="26"),TEXT(MAX(VALUE(R16),VALUE(Y16)),"00"),L17) -> 08 | S17: {=_xlfn.SWITCH(TRUE,F17="T",TEXT($F$1,"00"),AND(F17="",K17<>"TERMINAL"),"00",TRUE,TEXT(HOUR(F17),"00"))} -> 08 | T17: {=TEXT(_xlfn.SWITCH(TRUE,F17="T","00",AND(F17="",K17<>"TERMINAL"),"00",TRUE,MINUTE(F17)),"00")} -> 37 | U17: {=TEXT(_xlfn.SWITCH(TRUE,F17="T","00",AND(F17="",K17<>"TERMINAL"),"00",TRUE,SECOND(F17)),"00")} -> 30 | V17: =IF(AND(S17="00",F16<>"t",V16<>"00"),"24",S17) -> 08 | W17: {=_xlfn.SWITCH(TRUE,OR(S17=TEXT($B$1,"00"),S17=TEXT($D$1,"00")),"00",AND(T17="00",K17<>"TERMINAL"),TEXT($D$2,"00"),TRUE,T17)} -> 37 | X17: {=_xlfn.SWITCH(TRUE,OR(S17=TEXT($B$1,"00"),S17=TEXT($D$1,"00")),"00",AND(U17="00",K17<>"TERMINAL"),TEXT($F$2,"00"),TRUE,U17)} -> 30 | Y17: =IF(OR(S17="27"),S16,S17) -> 08 | Z17: =IF(OR(Y17>R17,R17>Y16),"TRUE","FALSE") -> FALSE | AA17: =IF(Z17="TRUE",O17&P17&Q17,IF(OR(L17="25",L17="26"),O17&P17&Q17,"00"&P17&Q17)) -> 003760 | AB17: =IF(Z17="TRUE",V17&W17&X17,IF(S17="27",V17&W17&X17,"00"&W17&X17)) -> 003730 | AC17: {=TEXT($D17,"000")&TEXT(IFERROR(INDEX($D$5:$D$103,_xlfn.AGGREGATE(15,6,ROW($E$5:$E$103)/(($E$5:$E$103<>"p")*($E$5:$E$103<>"t")*(ROW($E$5:$E$103)>ROW($E17))),1)-ROW($E$5)+1),$D17),"000")} -> 076079 | AD17: {=TEXT(_xlfn.XLOOKUP(TRUE, AA18:AA$103<>"250000", AA18:AA$103, "未找到"),"000000")} -> 004960 | AE17: {=_xlfn.SWITCH(TRUE,J17<>"",TEXT(J17,"MMSS"),TRUE,IFERROR(TEXT(E18-F17,"MMSS"),"0000"))} -> 0230
A18: 15 | B18: 東 鷲 宮 | C18: 51971 | D18: 77 | E18: p | F18: 0.36111111 | J18: =F19-F18 -> 0.0027777778 | K18: =IF(E17="着(hh:mm:ss)","start",IF(E18="p","pass",IF(OR(F18="t",K17="terminal"),"terminal","stop"))) -> pass | L18: {=TEXT(_xlfn.SWITCH(TRUE,E18="P",$B$1,AND(E18="",K18<>"TERMINAL"),$D$1,TRUE,HOUR(E18)),"00")} -> 25 | M18: {=TEXT(_xlfn.SWITCH(TRUE,E18="P","00",AND(E18="",K18<>"TERMINAL"),"00",TRUE,MINUTE(E18)),"00")} -> 00 | N18: {=TEXT(_xlfn.SWITCH(TRUE,E18="P","00",AND(E18="",K18<>"TERMINAL"),"00",TRUE,SECOND(E18)),"00")} -> 00 | O18: {=_xlfn.SWITCH(TRUE,AND(L18="00",K18<>"TERMINAL"),TEXT($B$2,"00"),L18=TEXT($B$1,"00"),TEXT($B$1,"00"),L18=TEXT($D$1,"00"),TEXT($D$1,"00"),TRUE,+L18)} -> 25 | P18: {=_xlfn.SWITCH(TRUE,OR(L18=TEXT($B$1,"00"),L18=TEXT($D$1,"00")),"00",AND(M18="00",K18<>"TERMINAL"),TEXT($D$2,"00"),TRUE,M18)} -> 00 | Q18: {=_xlfn.SWITCH(TRUE,OR(L18=TEXT($B$1,"00"),L18=TEXT($D$1,"00")),"00",AND(N18="00",K18<>"TERMINAL"),TEXT($F$2,"00"),TRUE,N18)} -> 00 | R18: =IF(OR(L18="25",L18="26"),TEXT(MAX(VALUE(R17),VALUE(Y17)),"00"),L18) -> 08 | S18: {=_xlfn.SWITCH(TRUE,F18="T",TEXT($F$1,"00"),AND(F18="",K18<>"TERMINAL"),"00",TRUE,TEXT(HOUR(F18),"00"))} -> 08 | T18: {=TEXT(_xlfn.SWITCH(TRUE,F18="T","00",AND(F18="",K18<>"TERMINAL"),"00",TRUE,MINUTE(F18)),"00")} -> 40 | U18: {=TEXT(_xlfn.SWITCH(TRUE,F18="T","00",AND(F18="",K18<>"TERMINAL"),"00",TRUE,SECOND(F18)),"00")} -> 00 | V18: =IF(AND(S18="00",F17<>"t",V17<>"00"),"24",S18) -> 08 | W18: {=_xlfn.SWITCH(TRUE,OR(S18=TEXT($B$1,"00"),S18=TEXT($D$1,"00")),"00",AND(T18="00",K18<>"TERMINAL"),TEXT($D$2,"00"),TRUE,T18)} -> 40 | X18: {=_xlfn.SWITCH(TRUE,OR(S18=TEXT($B$1,"00"),S18=TEXT($D$1,"00")),"00",AND(U18="00",K18<>"TERMINAL"),TEXT($F$2,"00"),TRUE,U18)} -> 60 | Y18: =IF(OR(S18="27"),S17,S18) -> 08 | Z18: =IF(OR(Y18>R18,R18>Y17),"TRUE","FALSE") -> FALSE | AA18: =IF(Z18="TRUE",O18&P18&Q18,IF(OR(L18="25",L18="26"),O18&P18&Q18,"00"&P18&Q18)) -> 250000 | AB18: =IF(Z18="TRUE",V18&W18&X18,IF(S18="27",V18&W18&X18,"00"&W18&X18)) -> 004060 | AC18: {=TEXT($D18,"000")&TEXT(IFERROR(INDEX($D$5:$D$103,_xlfn.AGGREGATE(15,6,ROW($E$5:$E$103)/(($E$5:$E$103<>"p")*($E$5:$E$103<>"t")*(ROW($E$5:$E$103)>ROW($E18))),1)-ROW($E$5)+1),$D18),"000")} -> 077079 | AD18: {=TEXT(_xlfn.XLOOKUP(TRUE, AA19:AA$103<>"250000", AA19:AA$103, "未找到"),"000000")} -> 004960 | AE18: {=_xlfn.SWITCH(TRUE,J18<>"",TEXT(J18,"MMSS"),TRUE,IFERROR(TEXT(E19-F18,"MMSS"),"0000"))} -> 0400
A19: 16 | B19: 栗 橋 | C19: 57590 | D19: 78 | E19: p | F19: 0.36388889 | K19: =IF(E18="着(hh:mm:ss)","start",IF(E19="p","pass",IF(OR(F19="t",K18="terminal"),"terminal","stop"))) -> pass | L19: {=TEXT(_xlfn.SWITCH(TRUE,E19="P",$B$1,AND(E19="",K19<>"TERMINAL"),$D$1,TRUE,HOUR(E19)),"00")} -> 25 | M19: {=TEXT(_xlfn.SWITCH(TRUE,E19="P","00",AND(E19="",K19<>"TERMINAL"),"00",TRUE,MINUTE(E19)),"00")} -> 00 | N19: {=TEXT(_xlfn.SWITCH(TRUE,E19="P","00",AND(E19="",K19<>"TERMINAL"),"00",TRUE,SECOND(E19)),"00")} -> 00 | O19: {=_xlfn.SWITCH(TRUE,AND(L19="00",K19<>"TERMINAL"),TEXT($B$2,"00"),L19=TEXT($B$1,"00"),TEXT($B$1,"00"),L19=TEXT($D$1,"00"),TEXT($D$1,"00"),TRUE,+L19)} -> 25 | P19: {=_xlfn.SWITCH(TRUE,OR(L19=TEXT($B$1,"00"),L19=TEXT($D$1,"00")),"00",AND(M19="00",K19<>"TERMINAL"),TEXT($D$2,"00"),TRUE,M19)} -> 00 | Q19: {=_xlfn.SWITCH(TRUE,OR(L19=TEXT($B$1,"00"),L19=TEXT($D$1,"00")),"00",AND(N19="00",K19<>"TERMINAL"),TEXT($F$2,"00"),TRUE,N19)} -> 00 | R19: =IF(OR(L19="25",L19="26"),TEXT(MAX(VALUE(R18),VALUE(Y18)),"00"),L19) -> 08 | S19: {=_xlfn.SWITCH(TRUE,F19="T",TEXT($F$1,"00"),AND(F19="",K19<>"TERMINAL"),"00",TRUE,TEXT(HOUR(F19),"00"))} -> 08 | T19: {=TEXT(_xlfn.SWITCH(TRUE,F19="T","00",AND(F19="",K19<>"TERMINAL"),"00",TRUE,MINUTE(F19)),"00")} -> 44 | U19: {=TEXT(_xlfn.SWITCH(TRUE,F19="T","00",AND(F19="",K19<>"TERMINAL"),"00",TRUE,SECOND(F19)),"00")} -> 00 | V19: =IF(AND(S19="00",F18<>"t",V18<>"00"),"24",S19) -> 08 | W19: {=_xlfn.SWITCH(TRUE,OR(S19=TEXT($B$1,"00"),S19=TEXT($D$1,"00")),"00",AND(T19="00",K19<>"TERMINAL"),TEXT($D$2,"00"),TRUE,T19)} -> 44 | X19: {=_xlfn.SWITCH(TRUE,OR(S19=TEXT($B$1,"00"),S19=TEXT($D$1,"00")),"00",AND(U19="00",K19<>"TERMINAL"),TEXT($F$2,"00"),TRUE,U19)} -> 60 | Y19: =IF(OR(S19="27"),S18,S19) -> 08 | Z19: =IF(OR(Y19>R19,R19>Y18),"TRUE","FALSE") -> FALSE | AA19: =IF(Z19="TRUE",O19&P19&Q19,IF(OR(L19="25",L19="26"),O19&P19&Q19,"00"&P19&Q19)) -> 250000 | AB19: =IF(Z19="TRUE",V19&W19&X19,IF(S19="27",V19&W19&X19,"00"&W19&X19)) -> 004460 | AC19: {=TEXT($D19,"000")&TEXT(IFERROR(INDEX($D$5:$D$103,_xlfn.AGGREGATE(15,6,ROW($E$5:$E$103)/(($E$5:$E$103<>"p")*($E$5:$E$103<>"t")*(ROW($E$5:$E$103)>ROW($E19))),1)-ROW($E$5)+1),$D19),"000")} -> 078079 | AD19: {=TEXT(_xlfn.XLOOKUP(TRUE, AA20:AA$103<>"250000", AA20:AA$103, "未找到"),"000000")} -> 004960 | AE19: {=_xlfn.SWITCH(TRUE,J19<>"",TEXT(J19,"MMSS"),TRUE,IFERROR(TEXT(E20-F19,"MMSS"),"0000"))} -> 0500
A20: 17 | B20: 古 河 | C20: 65015 | D20: 79 | E20: 0.36736111 | F20: 0.36770833 | J20: =F21-F20 -> 0.0022569444 | K20: =IF(E19="着(hh:mm:ss)","start",IF(E20="p","pass",IF(OR(F20="t",K19="terminal"),"terminal","stop"))) -> stop | L20: {=TEXT(_xlfn.SWITCH(TRUE,E20="P",$B$1,AND(E20="",K20<>"TERMINAL"),$D$1,TRUE,HOUR(E20)),"00")} -> 08 | M20: {=TEXT(_xlfn.SWITCH(TRUE,E20="P","00",AND(E20="",K20<>"TERMINAL"),"00",TRUE,MINUTE(E20)),"00")} -> 49 | N20: {=TEXT(_xlfn.SWITCH(TRUE,E20="P","00",AND(E20="",K20<>"TERMINAL"),"00",TRUE,SECOND(E20)),"00")} -> 00 | O20: {=_xlfn.SWITCH(TRUE,AND(L20="00",K20<>"TERMINAL"),TEXT($B$2,"00"),L20=TEXT($B$1,"00"),TEXT($B$1,"00"),L20=TEXT($D$1,"00"),TEXT($D$1,"00"),TRUE,+L20)} -> 08 | P20: {=_xlfn.SWITCH(TRUE,OR(L20=TEXT($B$1,"00"),L20=TEXT($D$1,"00")),"00",AND(M20="00",K20<>"TERMINAL"),TEXT($D$2,"00"),TRUE,M20)} -> 49 | Q20: {=_xlfn.SWITCH(TRUE,OR(L20=TEXT($B$1,"00"),L20=TEXT($D$1,"00")),"00",AND(N20="00",K20<>"TERMINAL"),TEXT($F$2,"00"),TRUE,N20)} -> 60 | R20: =IF(OR(L20="25",L20="26"),TEXT(MAX(VALUE(R19),VALUE(Y19)),"00"),L20) -> 08 | S20: {=_xlfn.SWITCH(TRUE,F20="T",TEXT($F$1,"00"),AND(F20="",K20<>"TERMINAL"),"00",TRUE,TEXT(HOUR(F20),"00"))} -> 08 | T20: {=TEXT(_xlfn.SWITCH(TRUE,F20="T","00",AND(F20="",K20<>"TERMINAL"),"00",TRUE,MINUTE(F20)),"00")} -> 49 | U20: {=TEXT(_xlfn.SWITCH(TRUE,F20="T","00",AND(F20="",K20<>"TERMINAL"),"00",TRUE,SECOND(F20)),"00")} -> 30 | V20: =IF(AND(S20="00",F19<>"t",V19<>"00"),"24",S20) -> 08 | W20: {=_xlfn.SWITCH(TRUE,OR(S20=TEXT($B$1,"00"),S20=TEXT($D$1,"00")),"00",AND(T20="00",K20<>"TERMINAL"),TEXT($D$2,"00"),TRUE,T20)} -> 49 | X20: {=_xlfn.SWITCH(TRUE,OR(S20=TEXT($B$1,"00"),S20=TEXT($D$1,"00")),"00",AND(U20="00",K20<>"TERMINAL"),TEXT($F$2,"00"),TRUE,U20)} -> 30 | Y20: =IF(OR(S20="27"),S19,S20) -> 08 | Z20: =IF(OR(Y20>R20,R20>Y19),"TRUE","FALSE") -> FALSE | AA20: =IF(Z20="TRUE",O20&P20&Q20,IF(OR(L20="25",L20="26"),O20&P20&Q20,"00"&P20&Q20)) -> 004960 | AB20: =IF(Z20="TRUE",V20&W20&X20,IF(S20="27",V20&W20&X20,"00"&W20&X20)) -> 004930 | AC20: {=TEXT($D20,"000")&TEXT(IFERROR(INDEX($D$5:$D$103,_xlfn.AGGREGATE(15,6,ROW($E$5:$E$103)/(($E$5:$E$103<>"p")*($E$5:$E$103<>"t")*(ROW($E$5:$E$103)>ROW($E20))),1)-ROW($E$5)+1),$D20),"000")} -> 079082 | AD20: {=TEXT(_xlfn.XLOOKUP(TRUE, AA21:AA$103<>"250000", AA21:AA$103, "未找到"),"000000")} -> 096015 | AE20: {=_xlfn.SWITCH(TRUE,J20<>"",TEXT(J20,"MMSS"),TRUE,IFERROR(TEXT(E21-F20,"MMSS"),"0000"))} -> 0315
A21: 18 | B21: 野 木 | C21: 69762 | D21: 80 | E21: p | F21: 0.36996528 | J21: =F22-F21 -> 0.0015625 | K21: =IF(E20="着(hh:mm:ss)","start",IF(E21="p","pass",IF(OR(F21="t",K20="terminal"),"terminal","stop"))) -> pass | L21: {=TEXT(_xlfn.SWITCH(TRUE,E21="P",$B$1,AND(E21="",K21<>"TERMINAL"),$D$1,TRUE,HOUR(E21)),"00")} -> 25 | M21: {=TEXT(_xlfn.SWITCH(TRUE,E21="P","00",AND(E21="",K21<>"TERMINAL"),"00",TRUE,MINUTE(E21)),"00")} -> 00 | N21: {=TEXT(_xlfn.SWITCH(TRUE,E21="P","00",AND(E21="",K21<>"TERMINAL"),"00",TRUE,SECOND(E21)),"00")} -> 00 | O21: {=_xlfn.SWITCH(TRUE,AND(L21="00",K21<>"TERMINAL"),TEXT($B$2,"00"),L21=TEXT($B$1,"00"),TEXT($B$1,"00"),L21=TEXT($D$1,"00"),TEXT($D$1,"00"),TRUE,+L21)} -> 25 | P21: {=_xlfn.SWITCH(TRUE,OR(L21=TEXT($B$1,"00"),L21=TEXT($D$1,"00")),"00",AND(M21="00",K21<>"TERMINAL"),TEXT($D$2,"00"),TRUE,M21)} -> 00 | Q21: {=_xlfn.SWITCH(TRUE,OR(L21=TEXT($B$1,"00"),L21=TEXT($D$1,"00")),"00",AND(N21="00",K21<>"TERMINAL"),TEXT($F$2,"00"),TRUE,N21)} -> 00 | R21: =IF(OR(L21="25",L21="26"),TEXT(MAX(VALUE(R20),VALUE(Y20)),"00"),L21) -> 08 | S21: {=_xlfn.SWITCH(TRUE,F21="T",TEXT($F$1,"00"),AND(F21="",K21<>"TERMINAL"),"00",TRUE,TEXT(HOUR(F21),"00"))} -> 08 | T21: {=TEXT(_xlfn.SWITCH(TRUE,F21="T","00",AND(F21="",K21<>"TERMINAL"),"00",TRUE,MINUTE(F21)),"00")} -> 52 | U21: {=TEXT(_xlfn.SWITCH(TRUE,F21="T","00",AND(F21="",K21<>"TERMINAL"),"00",TRUE,SECOND(F21)),"00")} -> 45 | V21: =IF(AND(S21="00",F20<>"t",V20<>"00"),"24",S21) -> 08 | W21: {=_xlfn.SWITCH(TRUE,OR(S21=TEXT($B$1,"00"),S21=TEXT($D$1,"00")),"00",AND(T21="00",K21<>"TERMINAL"),TEXT($D$2,"00"),TRUE,T21)} -> 52 | X21: {=_xlfn.SWITCH(TRUE,OR(S21=TEXT($B$1,"00"),S21=TEXT($D$1,"00")),"00",AND(U21="00",K21<>"TERMINAL"),TEXT($F$2,"00"),TRUE,U21)} -> 45 | Y21: =IF(OR(S21="27"),S20,S21) -> 08 | Z21: =IF(OR(Y21>R21,R21>Y20),"TRUE","FALSE") -> FALSE | AA21: =IF(Z21="TRUE",O21&P21&Q21,IF(OR(L21="25",L21="26"),O21&P21&Q21,"00"&P21&Q21)) -> 250000 | AB21: =IF(Z21="TRUE",V21&W21&X21,IF(S21="27",V21&W21&X21,"00"&W21&X21)) -> 005245 | AC21: {=TEXT($D21,"000")&TEXT(IFERROR(INDEX($D$5:$D$103,_xlfn.AGGREGATE(15,6,ROW($E$5:$E$103)/(($E$5:$E$103<>"p")*($E$5:$E$103<>"t")*(ROW($E$5:$E$103)>ROW($E21))),1)-ROW($E$5)+1),$D21),"000")} -> 080082 | AD21: {=TEXT(_xlfn.XLOOKUP(TRUE, AA22:AA$103<>"250000", AA22:AA$103, "未找到"),"000000")} -> 096015 | AE21: {=_xlfn.SWITCH(TRUE,J21<>"",TEXT(J21,"MMSS"),TRUE,IFERROR(TEXT(E22-F21,"MMSS"),"0000"))} -> 0215
A22: 19 | B22: 間 々 田 | C22: 73595 | D22: 81 | E22: p | F22: 0.37152778 | K22: =IF(E21="着(hh:mm:ss)","start",IF(E22="p","pass",IF(OR(F22="t",K21="terminal"),"terminal","stop"))) -> pass | L22: {=TEXT(_xlfn.SWITCH(TRUE,E22="P",$B$1,AND(E22="",K22<>"TERMINAL"),$D$1,TRUE,HOUR(E22)),"00")} -> 25 | M22: {=TEXT(_xlfn.SWITCH(TRUE,E22="P","00",AND(E22="",K22<>"TERMINAL"),"00",TRUE,MINUTE(E22)),"00")} -> 00 | N22: {=TEXT(_xlfn.SWITCH(TRUE,E22="P","00",AND(E22="",K22<>"TERMINAL"),"00",TRUE,SECOND(E22)),"00")} -> 00 | O22: {=_xlfn.SWITCH(TRUE,AND(L22="00",K22<>"TERMINAL"),TEXT($B$2,"00"),L22=TEXT($B$1,"00"),TEXT($B$1,"00"),L22=TEXT($D$1,"00"),TEXT($D$1,"00"),TRUE,+L22)} -> 25 | P22: {=_xlfn.SWITCH(TRUE,OR(L22=TEXT($B$1,"00"),L22=TEXT($D$1,"00")),"00",AND(M22="00",K22<>"TERMINAL"),TEXT($D$2,"00"),TRUE,M22)} -> 00 | Q22: {=_xlfn.SWITCH(TRUE,OR(L22=TEXT($B$1,"00"),L22=TEXT($D$1,"00")),"00",AND(N22="00",K22<>"TERMINAL"),TEXT($F$2,"00"),TRUE,N22)} -> 00 | R22: =IF(OR(L22="25",L22="26"),TEXT(MAX(VALUE(R21),VALUE(Y21)),"00"),L22) -> 08 | S22: {=_xlfn.SWITCH(TRUE,F22="T",TEXT($F$1,"00"),AND(F22="",K22<>"TERMINAL"),"00",TRUE,TEXT(HOUR(F22),"00"))} -> 08 | T22: {=TEXT(_xlfn.SWITCH(TRUE,F22="T","00",AND(F22="",K22<>"TERMINAL"),"00",TRUE,MINUTE(F22)),"00")} -> 55 | U22: {=TEXT(_xlfn.SWITCH(TRUE,F22="T","00",AND(F22="",K22<>"TERMINAL"),"00",TRUE,SECOND(F22)),"00")} -> 00 | V22: =IF(AND(S22="00",F21<>"t",V21<>"00"),"24",S22) -> 08 | W22: {=_xlfn.SWITCH(TRUE,OR(S22=TEXT($B$1,"00"),S22=TEXT($D$1,"00")),"00",AND(T22="00",K22<>"TERMINAL"),TEXT($D$2,"00"),TRUE,T22)} -> 55 | X22: {=_xlfn.SWITCH(TRUE,OR(S22=TEXT($B$1,"00"),S22=TEXT($D$1,"00")),"00",AND(U22="00",K22<>"TERMINAL"),TEXT($F$2,"00"),TRUE,U22)} -> 60 | Y22: =IF(OR(S22="27"),S21,S22) -> 08 | Z22: =IF(OR(Y22>R22,R22>Y21),"TRUE","FALSE") -> FALSE | AA22: =IF(Z22="TRUE",O22&P22&Q22,IF(OR(L22="25",L22="26"),O22&P22&Q22,"00"&P22&Q22)) -> 250000 | AB22: =IF(Z22="TRUE",V22&W22&X22,IF(S22="27",V22&W22&X22,"00"&W22&X22)) -> 005560 | AC22: {=TEXT($D22,"000")&TEXT(IFERROR(INDEX($D$5:$D$103,_xlfn.AGGREGATE(15,6,ROW($E$5:$E$103)/(($E$5:$E$103<>"p")*($E$5:$E$103<>"t")*(ROW($E$5:$E$103)>ROW($E22))),1)-ROW($E$5)+1),$D22),"000")} -> 081082 | AD22: {=TEXT(_xlfn.XLOOKUP(TRUE, AA23:AA$103<>"250000", AA23:AA$103, "未找到"),"000000")} -> 096015 | AE22: {=_xlfn.SWITCH(TRUE,J22<>"",TEXT(J22,"MMSS"),TRUE,IFERROR(TEXT(E23-F22,"MMSS"),"0000"))} -> 0515
A23: 20 | B23: 小 山 | C23: 80960 | D23: 82 | E23: 0.37517361 | F23: 0.37552083 | J23: =F24-F23 -> 0.0043402778 | K23: =IF(E22="着(hh:mm:ss)","start",IF(E23="p","pass",IF(OR(F23="t",K22="terminal"),"terminal","stop"))) -> stop | L23: {=TEXT(_xlfn.SWITCH(TRUE,E23="P",$B$1,AND(E23="",K23<>"TERMINAL"),$D$1,TRUE,HOUR(E23)),"00")} -> 09 | M23: {=TEXT(_xlfn.SWITCH(TRUE,E23="P","00",AND(E23="",K23<>"TERMINAL"),"00",TRUE,MINUTE(E23)),"00")} -> 00 | N23: {=TEXT(_xlfn.SWITCH(TRUE,E23="P","00",AND(E23="",K23<>"TERMINAL"),"00",TRUE,SECOND(E23)),"00")} -> 15 | O23: {=_xlfn.SWITCH(TRUE,AND(L23="00",K23<>"TERMINAL"),TEXT($B$2,"00"),L23=TEXT($B$1,"00"),TEXT($B$1,"00"),L23=TEXT($D$1,"00"),TEXT($D$1,"00"),TRUE,+L23)} -> 09 | P23: {=_xlfn.SWITCH(TRUE,OR(L23=TEXT($B$1,"00"),L23=TEXT($D$1,"00")),"00",AND(M23="00",K23<>"TERMINAL"),TEXT($D$2,"00"),TRUE,M23)} -> 60 | Q23: {=_xlfn.SWITCH(TRUE,OR(L23=TEXT($B$1,"00"),L23=TEXT($D$1,"00")),"00",AND(N23="00",K23<>"TERMINAL"),TEXT($F$2,"00"),TRUE,N23)} -> 15 | R23: =IF(OR(L23="25",L23="26"),TEXT(MAX(VALUE(R22),VALUE(Y22)),"00"),L23) -> 09 | S23: {=_xlfn.SWITCH(TRUE,F23="T",TEXT($F$1,"00"),AND(F23="",K23<>"TERMINAL"),"00",TRUE,TEXT(HOUR(F23),"00"))} -> 09 | T23: {=TEXT(_xlfn.SWITCH(TRUE,F23="T","00",AND(F23="",K23<>"TERMINAL"),"00",TRUE,MINUTE(F23)),"00")} -> 00 | U23: {=TEXT(_xlfn.SWITCH(TRUE,F23="T","00",AND(F23="",K23<>"TERMINAL"),"00",TRUE,SECOND(F23)),"00")} -> 45 | V23: =IF(AND(S23="00",F22<>"t",V22<>"00"),"24",S23) -> 09 | W23: {=_xlfn.SWITCH(TRUE,OR(S23=TEXT($B$1,"00"),S23=TEXT($D$1,"00")),"00",AND(T23="00",K23<>"TERMINAL"),TEXT($D$2,"00"),TRUE,T23)} -> 60 | X23: {=_xlfn.SWITCH(TRUE,OR(S23=TEXT($B$1,"00"),S23=TEXT($D$1,"00")),"00",AND(U23="00",K23<>"TERMINAL"),TEXT($F$2,"00"),TRUE,U23)} -> 45 | Y23: =IF(OR(S23="27"),S22,S23) -> 09 | Z23: =IF(OR(Y23>R23,R23>Y22),"TRUE","FALSE") -> TRUE | AA23: =IF(Z23="TRUE",O23&P23&Q23,IF(OR(L23="25",L23="26"),O23&P23&Q23,"00"&P23&Q23)) -> 096015 | AB23: =IF(Z23="TRUE",V23&W23&X23,IF(S23="27",V23&W23&X23,"00"&W23&X23)) -> 096045 | AC23: {=TEXT($D23,"000")&TEXT(IFERROR(INDEX($D$5:$D$103,_xlfn.AGGREGATE(15,6,ROW($E$5:$E$103)/(($E$5:$E$103<>"p")*($E$5:$E$103<>"t")*(ROW($E$5:$E$103)>ROW($E23))),1)-ROW($E$5)+1),$D23),"000")} -> 082083 | AD23: {=TEXT(_xlfn.XLOOKUP(TRUE, AA24:AA$103<>"250000", AA24:AA$103, "未找到"),"000000")} -> 000630 | AE23: {=_xlfn.SWITCH(TRUE,J23<>"",TEXT(J23,"MMSS"),TRUE,IFERROR(TEXT(E24-F23,"MMSS"),"0000"))} -> 0615
A24: 21 | B24: 小 金 井 | C24: 88412 | D24: 83 | E24: 0.37951389 | F24: 0.37986111 | J24: =F25-F24 -> 0.0019097222 | K24: =IF(E23="着(hh:mm:ss)","start",IF(E24="p","pass",IF(OR(F24="t",K23="terminal"),"terminal","stop"))) -> stop | L24: {=TEXT(_xlfn.SWITCH(TRUE,E24="P",$B$1,AND(E24="",K24<>"TERMINAL"),$D$1,TRUE,HOUR(E24)),"00")} -> 09 | M24: {=TEXT(_xlfn.SWITCH(TRUE,E24="P","00",AND(E24="",K24<>"TERMINAL"),"00",TRUE,MINUTE(E24)),"00")} -> 06 | N24: {=TEXT(_xlfn.SWITCH(TRUE,E24="P","00",AND(E24="",K24<>"TERMINAL"),"00",TRUE,SECOND(E24)),"00")} -> 30 | O24: {=_xlfn.SWITCH(TRUE,AND(L24="00",K24<>"TERMINAL"),TEXT($B$2,"00"),L24=TEXT($B$1,"00"),TEXT($B$1,"00"),L24=TEXT($D$1,"00"),TEXT($D$1,"00"),TRUE,+L24)} -> 09 | P24: {=_xlfn.SWITCH(TRUE,OR(L24=TEXT($B$1,"00"),L24=TEXT($D$1,"00")),"00",AND(M24="00",K24<>"TERMINAL"),TEXT($D$2,"00"),TRUE,M24)} -> 06 | Q24: {=_xlfn.SWITCH(TRUE,OR(L24=TEXT($B$1,"00"),L24=TEXT($D$1,"00")),"00",AND(N24="00",K24<>"TERMINAL"),TEXT($F$2,"00"),TRUE,N24)} -> 30 | R24: =IF(OR(L24="25",L24="26"),TEXT(MAX(VALUE(R23),VALUE(Y23)),"00"),L24) -> 09 | S24: {=_xlfn.SWITCH(TRUE,F24="T",TEXT($F$1,"00"),AND(F24="",K24<>"TERMINAL"),"00",TRUE,TEXT(HOUR(F24),"00"))} -> 09 | T24: {=TEXT(_xlfn.SWITCH(TRUE,F24="T","00",AND(F24="",K24<>"TERMINAL"),"00",TRUE,MINUTE(F24)),"00")} -> 07 | U24: {=TEXT(_xlfn.SWITCH(TRUE,F24="T","00",AND(F24="",K24<>"TERMINAL"),"00",TRUE,SECOND(F24)),"00")} -> 00 | V24: =IF(AND(S24="00",F23<>"t",V23<>"00"),"24",S24) -> 09 | W24: {=_xlfn.SWITCH(TRUE,OR(S24=TEXT($B$1,"00"),S24=TEXT($D$1,"00")),"00",AND(T24="00",K24<>"TERMINAL"),TEXT($D$2,"00"),TRUE,T24)} -> 07 | X24: {=_xlfn.SWITCH(TRUE,OR(S24=TEXT($B$1,"00"),S24=TEXT($D$1,"00")),"00",AND(U24="00",K24<>"TERMINAL"),TEXT($F$2,"00"),TRUE,U24)} -> 60 | Y24: =IF(OR(S24="27"),S23,S24) -> 09 | Z24: =IF(OR(Y24>R24,R24>Y23),"TRUE","FALSE") -> FALSE | AA24: =IF(Z24="TRUE",O24&P24&Q24,IF(OR(L24="25",L24="26"),O24&P24&Q24,"00"&P24&Q24)) -> 000630 | AB24: =IF(Z24="TRUE",V24&W24&X24,IF(S24="27",V24&W24&X24,"00"&W24&X24)) -> 000760 | AC24: {=TEXT($D24,"000")&TEXT(IFERROR(INDEX($D$5:$D$103,_xlfn.AGGREGATE(15,6,ROW($E$5:$E$103)/(($E$5:$E$103<>"p")*($E$5:$E$103<>"t")*(ROW($E$5:$E$103)>ROW($E24))),1)-ROW($E$5)+1),$D24),"000")} -> 083084 | AD24: {=TEXT(_xlfn.XLOOKUP(TRUE, AA25:AA$103<>"250000", AA25:AA$103, "未找到"),"000000")} -> 000915 | AE24: {=_xlfn.SWITCH(TRUE,J24<>"",TEXT(J24,"MMSS"),TRUE,IFERROR(TEXT(E25-F24,"MMSS"),"0000"))} -> 0245
A25: 22 | B25: 自治医大 | C25: 91012 | D25: 84 | E25: 0.38142361 | F25: 0.38177083 | J25: =F26-F25 -> 0.0036458333 | K25: =IF(E24="着(hh:mm:ss)","start",IF(E25="p","pass",IF(OR(F25="t",K24="terminal"),"terminal","stop"))) -> stop | L25: {=TEXT(_xlfn.SWITCH(TRUE,E25="P",$B$1,AND(E25="",K25<>"TERMINAL"),$D$1,TRUE,HOUR(E25)),"00")} -> 09 | M25: {=TEXT(_xlfn.SWITCH(TRUE,E25="P","00",AND(E25="",K25<>"TERMINAL"),"00",TRUE,MINUTE(E25)),"00")} -> 09 | N25: {=TEXT(_xlfn.SWITCH(TRUE,E25="P","00",AND(E25="",K25<>"TERMINAL"),"00",TRUE,SECOND(E25)),"00")} -> 15 | O25: {=_xlfn.SWITCH(TRUE,AND(L25="00",K25<>"TERMINAL"),TEXT($B$2,"00"),L25=TEXT($B$1,"00"),TEXT($B$1,"00"),L25=TEXT($D$1,"00"),TEXT($D$1,"00"),TRUE,+L25)} -> 09 | P25: {=_xlfn.SWITCH(TRUE,OR(L25=TEXT($B$1,"00"),L25=TEXT($D$1,"00")),"00",AND(M25="00",K25<>"TERMINAL"),TEXT($D$2,"00"),TRUE,M25)} -> 09 | Q25: {=_xlfn.SWITCH(TRUE,OR(L25=TEXT($B$1,"00"),L25=TEXT($D$1,"00")),"00",AND(N25="00",K25<>"TERMINAL"),TEXT($F$2,"00"),TRUE,N25)} -> 15 | R25: =IF(OR(L25="25",L25="26"),TEXT(MAX(VALUE(R24),VALUE(Y24)),"00"),L25) -> 09 | S25: {=_xlfn.SWITCH(TRUE,F25="T",TEXT($F$1,"00"),AND(F25="",K25<>"TERMINAL"),"00",TRUE,TEXT(HOUR(F25),"00"))} -> 09 | T25: {=TEXT(_xlfn.SWITCH(TRUE,F25="T","00",AND(F25="",K25<>"TERMINAL"),"00",TRUE,MINUTE(F25)),"00")} -> 09 | U25: {=TEXT(_xlfn.SWITCH(TRUE,F25="T","00",AND(F25="",K25<>"TERMINAL"),"00",TRUE,SECOND(F25)),"00")} -> 45 | V25: =IF(AND(S25="00",F24<>"t",V24<>"00"),"24",S25) -> 09 | W25: {=_xlfn.SWITCH(TRUE,OR(S25=TEXT($B$1,"00"),S25=TEXT($D$1,"00")),"00",AND(T25="00",K25<>"TERMINAL"),TEXT($D$2,"00"),TRUE,T25)} -> 09 | X25: {=_xlfn.SWITCH(TRUE,OR(S25=TEXT($B$1,"00"),S25=TEXT($D$1,"00")),"00",AND(U25="00",K25<>"TERMINAL"),TEXT($F$2,"00"),TRUE,U25)} -> 45 | Y25: =IF(OR(S25="27"),S24,S25) -> 09 | Z25: =IF(OR(Y25>R25,R25>Y24),"TRUE","FALSE") -> FALSE | AA25: =IF(Z25="TRUE",O25&P25&Q25,IF(OR(L25="25",L25="26"),O25&P25&Q25,"00"&P25&Q25)) -> 000915 | AB25: =IF(Z25="TRUE",V25&W25&X25,IF(S25="27",V25&W25&X25,"00"&W25&X25)) -> 000945 | AC25: {=TEXT($D25,"000")&TEXT(IFERROR(INDEX($D$5:$D$103,_xlfn.AGGREGATE(15,6,ROW($E$5:$E$103)/(($E$5:$E$103<>"p")*($E$5:$E$103<>"t")*(ROW($E$5:$E$103)>ROW($E25))),1)-ROW($E$5)+1),$D25),"000")} -> 084085 | AD25: {=TEXT(_xlfn.XLOOKUP(TRUE, AA26:AA$103<>"250000", AA26:AA$103, "未找到"),"000000")} -> 001430 | AE25: {=_xlfn.SWITCH(TRUE,J25<>"",TEXT(J25,"MMSS"),TRUE,IFERROR(TEXT(E26-F25,"MMSS"),"0000"))} -> 0515
A26: 23 | B26: 石 橋 | C26: 95735 | D26: 85 | E26: 0.38506944 | F26: 0.38541667 | J26: =F27-F26 -> 0.0019097222 | K26: =IF(E25="着(hh:mm:ss)","start",IF(E26="p","pass",IF(OR(F26="t",K25="terminal"),"terminal","stop"))) -> stop | L26: {=TEXT(_xlfn.SWITCH(TRUE,E26="P",$B$1,AND(E26="",K26<>"TERMINAL"),$D$1,TRUE,HOUR(E26)),"00")} -> 09 | M26: {=TEXT(_xlfn.SWITCH(TRUE,E26="P","00",AND(E26="",K26<>"TERMINAL"),"00",TRUE,MINUTE(E26)),"00")} -> 14 | N26: {=TEXT(_xlfn.SWITCH(TRUE,E26="P","00",AND(E26="",K26<>"TERMINAL"),"00",TRUE,SECOND(E26)),"00")} -> 30 | O26: {=_xlfn.SWITCH(TRUE,AND(L26="00",K26<>"TERMINAL"),TEXT($B$2,"00"),L26=TEXT($B$1,"00"),TEXT($B$1,"00"),L26=TEXT($D$1,"00"),TEXT($D$1,"00"),TRUE,+L26)} -> 09 | P26: {=_xlfn.SWITCH(TRUE,OR(L26=TEXT($B$1,"00"),L26=TEXT($D$1,"00")),"00",AND(M26="00",K26<>"TERMINAL"),TEXT($D$2,"00"),TRUE,M26)} -> 14 | Q26: {=_xlfn.SWITCH(TRUE,OR(L26=TEXT($B$1,"00"),L26=TEXT($D$1,"00")),"00",AND(N26="00",K26<>"TERMINAL"),TEXT($F$2,"00"),TRUE,N26)} -> 30 | R26: =IF(OR(L26="25",L26="26"),TEXT(MAX(VALUE(R25),VALUE(Y25)),"00"),L26) -> 09 | S26: {=_xlfn.SWITCH(TRUE,F26="T",TEXT($F$1,"00"),AND(F26="",K26<>"TERMINAL"),"00",TRUE,TEXT(HOUR(F26),"00"))} -> 09 | T26: {=TEXT(_xlfn.SWITCH(TRUE,F26="T","00",AND(F26="",K26<>"TERMINAL"),"00",TRUE,MINUTE(F26)),"00")} -> 15 | U26: {=TEXT(_xlfn.SWITCH(TRUE,F26="T","00",AND(F26="",K26<>"TERMINAL"),"00",TRUE,SECOND(F26)),"00")} -> 00 | V26: =IF(AND(S26="00",F25<>"t",V25<>"00"),"24",S26) -> 09 | W26: {=_xlfn.SWITCH(TRUE,OR(S26=TEXT($B$1,"00"),S26=TEXT($D$1,"00")),"00",AND(T26="00",K26<>"TERMINAL"),TEXT($D$2,"00"),TRUE,T26)} -> 15 | X26: {=_xlfn.SWITCH(TRUE,OR(S26=TEXT($B$1,"00"),S26=TEXT($D$1,"00")),"00",AND(U26="00",K26<>"TERMINAL"),TEXT($F$2,"00"),TRUE,U26)} -> 60 | Y26: =IF(OR(S26="27"),S25,S26) -> 09 | Z26: =IF(OR(Y26>R26,R26>Y25),"TRUE","FALSE") -> FALSE | AA26: =IF(Z26="TRUE",O26&P26&Q26,IF(OR(L26="25",L26="26"),O26&P26&Q26,"00"&P26&Q26)) -> 001430 | AB26: =IF(Z26="TRUE",V26&W26&X26,IF(S26="27",V26&W26&X26,"00"&W26&X26)) -> 001560 | AC26: {=TEXT($D26,"000")&TEXT(IFERROR(INDEX($D$5:$D$103,_xlfn.AGGREGATE(15,6,ROW($E$5:$E$103)/(($E$5:$E$103<>"p")*($E$5:$E$103<>"t")*(ROW($E$5:$E$103)>ROW($E26))),1)-ROW($E$5)+1),$D26),"000")} -> 085087 | AD26: {=TEXT(_xlfn.XLOOKUP(TRUE, AA27:AA$103<>"250000", AA27:AA$103, "未找到"),"000000")} -> 002060 | AE26: {=_xlfn.SWITCH(TRUE,J26<>"",TEXT(J26,"MMSS"),TRUE,IFERROR(TEXT(E27-F26,"MMSS"),"0000"))} -> 0245
A27: 24 | B27: 宇都宮タ | C27: 98975 | D27: 86 | E27: p | F27: 0.38732639 | K27: =IF(E26="着(hh:mm:ss)","start",IF(E27="p","pass",IF(OR(F27="t",K26="terminal"),"terminal","stop"))) -> pass | L27: {=TEXT(_xlfn.SWITCH(TRUE,E27="P",$B$1,AND(E27="",K27<>"TERMINAL"),$D$1,TRUE,HOUR(E27)),"00")} -> 25 | M27: {=TEXT(_xlfn.SWITCH(TRUE,E27="P","00",AND(E27="",K27<>"TERMINAL"),"00",TRUE,MINUTE(E27)),"00")} -> 00 | N27: {=TEXT(_xlfn.SWITCH(TRUE,E27="P","00",AND(E27="",K27<>"TERMINAL"),"00",TRUE,SECOND(E27)),"00")} -> 00 | O27: {=_xlfn.SWITCH(TRUE,AND(L27="00",K27<>"TERMINAL"),TEXT($B$2,"00"),L27=TEXT($B$1,"00"),TEXT($B$1,"00"),L27=TEXT($D$1,"00"),TEXT($D$1,"00"),TRUE,+L27)} -> 25 | P27: {=_xlfn.SWITCH(TRUE,OR(L27=TEXT($B$1,"00"),L27=TEXT($D$1,"00")),"00",AND(M27="00",K27<>"TERMINAL"),TEXT($D$2,"00"),TRUE,M27)} -> 00 | Q27: {=_xlfn.SWITCH(TRUE,OR(L27=TEXT($B$1,"00"),L27=TEXT($D$1,"00")),"00",AND(N27="00",K27<>"TERMINAL"),TEXT($F$2,"00"),TRUE,N27)} -> 00 | R27: =IF(OR(L27="25",L27="26"),TEXT(MAX(VALUE(R26),VALUE(Y26)),"00"),L27) -> 09 | S27: {=_xlfn.SWITCH(TRUE,F27="T",TEXT($F$1,"00"),AND(F27="",K27<>"TERMINAL"),"00",TRUE,TEXT(HOUR(F27),"00"))} -> 09 | T27: {=TEXT(_xlfn.SWITCH(TRUE,F27="T","00",AND(F27="",K27<>"TERMINAL"),"00",TRUE,MINUTE(F27)),"00")} -> 17 | U27: {=TEXT(_xlfn.SWITCH(TRUE,F27="T","00",AND(F27="",K27<>"TERMINAL"),"00",TRUE,SECOND(F27)),"00")} -> 45 | V27: =IF(AND(S27="00",F26<>"t",V26<>"00"),"24",S27) -> 09 | W27: {=_xlfn.SWITCH(TRUE,OR(S27=TEXT($B$1,"00"),S27=TEXT($D$1,"00")),"00",AND(T27="00",K27<>"TERMINAL"),TEXT($D$2,"00"),TRUE,T27)} -> 17 | X27: {=_xlfn.SWITCH(TRUE,OR(S27=TEXT($B$1,"00"),S27=TEXT($D$1,"00")),"00",AND(U27="00",K27<>"TERMINAL"),TEXT($F$2,"00"),TRUE,U27)} -> 45 | Y27: =IF(OR(S27="27"),S26,S27) -> 09 | Z27: =IF(OR(Y27>R27,R27>Y26),"TRUE","FALSE") -> FALSE | AA27: =IF(Z27="TRUE",O27&P27&Q27,IF(OR(L27="25",L27="26"),O27&P27&Q27,"00"&P27&Q27)) -> 250000 | AB27: =IF(Z27="TRUE",V27&W27&X27,IF(S27="27",V27&W27&X27,"00"&W27&X27)) -> 001745 | AC27: {=TEXT($D27,"000")&TEXT(IFERROR(INDEX($D$5:$D$103,_xlfn.AGGREGATE(15,6,ROW($E$5:$E$103)/(($E$5:$E$103<>"p")*($E$5:$E$103<>"t")*(ROW($E$5:$E$103)>ROW($E27))),1)-ROW($E$5)+1),$D27),"000")} -> 086087 | AD27: {=TEXT(_xlfn.XLOOKUP(TRUE, AA28:AA$103<>"250000", AA28:AA$103, "未找到"),"000000")} -> 002060 | AE27: {=_xlfn.SWITCH(TRUE,J27<>"",TEXT(J27,"MMSS"),TRUE,IFERROR(TEXT(E28-F27,"MMSS"),"0000"))} -> 0215
A28: 25 | B28: 雀 宮 | C28: 102162 | D28: 87 | E28: 0.38888889 | F28: 0.38923611 | K28: =IF(E27="着(hh:mm:ss)","start",IF(E28="p","pass",IF(OR(F28="t",K27="terminal"),"terminal","stop"))) -> stop | L28: {=TEXT(_xlfn.SWITCH(TRUE,E28="P",$B$1,AND(E28="",K28<>"TERMINAL"),$D$1,TRUE,HOUR(E28)),"00")} -> 09 | M28: {=TEXT(_xlfn.SWITCH(TRUE,E28="P","00",AND(E28="",K28<>"TERMINAL"),"00",TRUE,MINUTE(E28)),"00")} -> 20 | N28: {=TEXT(_xlfn.SWITCH(TRUE,E28="P","00",AND(E28="",K28<>"TERMINAL"),"00",TRUE,SECOND(E28)),"00")} -> 00 | O28: {=_xlfn.SWITCH(TRUE,AND(L28="00",K28<>"TERMINAL"),TEXT($B$2,"00"),L28=TEXT($B$1,"00"),TEXT($B$1,"00"),L28=TEXT($D$1,"00"),TEXT($D$1,"00"),TRUE,+L28)} -> 09 | P28: {=_xlfn.SWITCH(TRUE,OR(L28=TEXT($B$1,"00"),L28=TEXT($D$1,"00")),"00",AND(M28="00",K28<>"TERMINAL"),TEXT($D$2,"00"),TRUE,M28)} -> 20 | Q28: {=_xlfn.SWITCH(TRUE,OR(L28=TEXT($B$1,"00"),L28=TEXT($D$1,"00")),"00",AND(N28="00",K28<>"TERMINAL"),TEXT($F$2,"00"),TRUE,N28)} -> 60 | R28: =IF(OR(L28="25",L28="26"),TEXT(MAX(VALUE(R27),VALUE(Y27)),"00"),L28) -> 09 | S28: {=_xlfn.SWITCH(TRUE,F28="T",TEXT($F$1,"00"),AND(F28="",K28<>"TERMINAL"),"00",TRUE,TEXT(HOUR(F28),"00"))} -> 09 | T28: {=TEXT(_xlfn.SWITCH(TRUE,F28="T","00",AND(F28="",K28<>"TERMINAL"),"00",TRUE,MINUTE(F28)),"00")} -> 20 | U28: {=TEXT(_xlfn.SWITCH(TRUE,F28="T","00",AND(F28="",K28<>"TERMINAL"),"00",TRUE,SECOND(F28)),"00")} -> 30 | V28: =IF(AND(S28="00",F27<>"t",V27<>"00"),"24",S28) -> 09 | W28: {=_xlfn.SWITCH(TRUE,OR(S28=TEXT($B$1,"00"),S28=TEXT($D$1,"00")),"00",AND(T28="00",K28<>"TERMINAL"),TEXT($D$2,"00"),TRUE,T28)} -> 20 | X28: {=_xlfn.SWITCH(TRUE,OR(S28=TEXT($B$1,"00"),S28=TEXT($D$1,"00")),"00",AND(U28="00",K28<>"TERMINAL"),TEXT($F$2,"00"),TRUE,U28)} -> 30 | Y28: =IF(OR(S28="27"),S27,S28) -> 09 | Z28: =IF(OR(Y28>R28,R28>Y27),"TRUE","FALSE") -> FALSE | AA28: =IF(Z28="TRUE",O28&P28&Q28,IF(OR(L28="25",L28="26"),O28&P28&Q28,"00"&P28&Q28)) -> 002060 | AB28: =IF(Z28="TRUE",V28&W28&X28,IF(S28="27",V28&W28&X28,"00"&W28&X28)) -> 002030 | AC28: {=TEXT($D28,"000")&TEXT(IFERROR(INDEX($D$5:$D$103,_xlfn.AGGREGATE(15,6,ROW($E$5:$E$103)/(($E$5:$E$103<>"p")*($E$5:$E$103<>"t")*(ROW($E$5:$E$103)>ROW($E28))),1)-ROW($E$5)+1),$D28),"000")} -> 087088 | AD28: {=TEXT(_xlfn.XLOOKUP(TRUE, AA29:AA$103<>"250000", AA29:AA$103, "未找到"),"000000")} -> 002700 | AE28: {=_xlfn.SWITCH(TRUE,J28<>"",TEXT(J28,"MMSS"),TRUE,IFERROR(TEXT(E29-F28,"MMSS"),"0000"))} -> 0630
A29: 26 | B29: 宇 都 宮 | C29: 109904 | D29: 88 | E29: 0.39375 | F29: t | H29: 45 | K29: =IF(E28="着(hh:mm:ss)","start",IF(E29="p","pass",IF(OR(F29="t",K28="terminal"),"terminal","stop"))) -> terminal | L29: {=TEXT(_xlfn.SWITCH(TRUE,E29="P",$B$1,AND(E29="",K29<>"TERMINAL"),$D$1,TRUE,HOUR(E29)),"00")} -> 09 | M29: {=TEXT(_xlfn.SWITCH(TRUE,E29="P","00",AND(E29="",K29<>"TERMINAL"),"00",TRUE,MINUTE(E29)),"00")} -> 27 | N29: {=TEXT(_xlfn.SWITCH(TRUE,E29="P","00",AND(E29="",K29<>"TERMINAL"),"00",TRUE,SECOND(E29)),"00")} -> 00 | O29: {=_xlfn.SWITCH(TRUE,AND(L29="00",K29<>"TERMINAL"),TEXT($B$2,"00"),L29=TEXT($B$1,"00"),TEXT($B$1,"00"),L29=TEXT($D$1,"00"),TEXT($D$1,"00"),TRUE,+L29)} -> 09 | P29: {=_xlfn.SWITCH(TRUE,OR(L29=TEXT($B$1,"00"),L29=TEXT($D$1,"00")),"00",AND(M29="00",K29<>"TERMINAL"),TEXT($D$2,"00"),TRUE,M29)} -> 27 | Q29: {=_xlfn.SWITCH(TRUE,OR(L29=TEXT($B$1,"00"),L29=TEXT($D$1,"00")),"00",AND(N29="00",K29<>"TERMINAL"),TEXT($F$2,"00"),TRUE,N29)} -> 00 | R29: =IF(OR(L29="25",L29="26"),TEXT(MAX(VALUE(R28),VALUE(Y28)),"00"),L29) -> 09 | S29: {=_xlfn.SWITCH(TRUE,F29="T",TEXT($F$1,"00"),AND(F29="",K29<>"TERMINAL"),"00",TRUE,TEXT(HOUR(F29),"00"))} -> 27 | T29: {=TEXT(_xlfn.SWITCH(TRUE,F29="T","00",AND(F29="",K29<>"TERMINAL"),"00",TRUE,MINUTE(F29)),"00")} -> 00 | U29: {=TEXT(_xlfn.SWITCH(TRUE,F29="T","00",AND(F29="",K29<>"TERMINAL"),"00",TRUE,SECOND(F29)),"00")} -> 00 | V29: =IF(AND(S29="00",F28<>"t",V28<>"00"),"24",S29) -> 27 | W29: {=_xlfn.SWITCH(TRUE,OR(S29=TEXT($B$1,"00"),S29=TEXT($D$1,"00")),"00",AND(T29="00",K29<>"TERMINAL"),TEXT($D$2,"00"),TRUE,T29)} -> 00 | X29: {=_xlfn.SWITCH(TRUE,OR(S29=TEXT($B$1,"00"),S29=TEXT($D$1,"00")),"00",AND(U29="00",K29<>"TERMINAL"),TEXT($F$2,"00"),TRUE,U29)} -> 00 | Y29: =IF(OR(S29="27"),S28,S29) -> 09 | Z29: =IF(OR(Y29>R29,R29>Y28),"TRUE","FALSE") -> FALSE | AA29: =IF(Z29="TRUE",O29&P29&Q29,IF(OR(L29="25",L29="26"),O29&P29&Q29,"00"&P29&Q29)) -> 002700 | AB29: =IF(Z29="TRUE",V29&W29&X29,IF(S29="27",V29&W29&X29,"00"&W29&X29)) -> 270000 | AC29: {=TEXT($D29,"000")&TEXT(IFERROR(INDEX($D$5:$D$103,_xlfn.AGGREGATE(15,6,ROW($E$5:$E$103)/(($E$5:$E$103<>"p")*($E$5:$E$103<>"t")*(ROW($E$5:$E$103)>ROW($E29))),1)-ROW($E$5)+1),$D29),"000")} -> 088000 | AD29: {=TEXT(_xlfn.XLOOKUP(TRUE, AA30:AA$103<>"250000", AA30:AA$103, "未找到"),"000000")} -> 000000 | AE29: {=_xlfn.SWITCH(TRUE,J29<>"",TEXT(J29,"MMSS"),TRUE,IFERROR(TEXT(E30-F29,"MMSS"),"0000"))} -> 0000
A30: 27 | K30: =IF(E29="着(hh:mm:ss)","start",IF(E30="p","pass",IF(OR(F30="t",K29="terminal"),"terminal","stop"))) -> terminal | L30: {=TEXT(_xlfn.SWITCH(TRUE,E30="P",$B$1,AND(E30="",K30<>"TERMINAL"),$D$1,TRUE,HOUR(E30)),"00")} -> 00 | M30: {=TEXT(_xlfn.SWITCH(TRUE,E30="P","00",AND(E30="",K30<>"TERMINAL"),"00",TRUE,MINUTE(E30)),"00")} -> 00 | N30: {=TEXT(_xlfn.SWITCH(TRUE,E30="P","00",AND(E30="",K30<>"TERMINAL"),"00",TRUE,SECOND(E30)),"00")} -> 00 | O30: {=_xlfn.SWITCH(TRUE,AND(L30="00",K30<>"TERMINAL"),TEXT($B$2,"00"),L30=TEXT($B$1,"00"),TEXT($B$1,"00"),L30=TEXT($D$1,"00"),TEXT($D$1,"00"),TRUE,+L30)} -> 00 | P30: {=_xlfn.SWITCH(TRUE,OR(L30=TEXT($B$1,"00"),L30=TEXT($D$1,"00")),"00",AND(M30="00",K30<>"TERMINAL"),TEXT($D$2,"00"),TRUE,M30)} -> 00 | Q30: {=_xlfn.SWITCH(TRUE,OR(L30=TEXT($B$1,"00"),L30=TEXT($D$1,"00")),"00",AND(N30="00",K30<>"TERMINAL"),TEXT($F$2,"00"),TRUE,N30)} -> 00 | R30: =IF(OR(L30="25",L30="26"),TEXT(MAX(VALUE(R29),VALUE(Y29)),"00"),L30) -> 00 | S30: {=_xlfn.SWITCH(TRUE,F30="T",TEXT($F$1,"00"),AND(F30="",K30<>"TERMINAL"),"00",TRUE,TEXT(HOUR(F30),"00"))} -> 00 | T30: {=TEXT(_xlfn.SWITCH(TRUE,F30="T","00",AND(F30="",K30<>"TERMINAL"),"00",TRUE,MINUTE(F30)),"00")} -> 00 | U30: {=TEXT(_xlfn.SWITCH(TRUE,F30="T","00",AND(F30="",K30<>"TERMINAL"),"00",TRUE,SECOND(F30)),"00")} -> 00 | V30: =IF(AND(S30="00",F29<>"t",V29<>"00"),"24",S30) -> 00 | W30: {=_xlfn.SWITCH(TRUE,OR(S30=TEXT($B$1,"00"),S30=TEXT($D$1,"00")),"00",AND(T30="00",K30<>"TERMINAL"),TEXT($D$2,"00"),TRUE,T30)} -> 00 | X30: {=_xlfn.SWITCH(TRUE,OR(S30=TEXT($B$1,"00"),S30=TEXT($D$1,"00")),"00",AND(U30="00",K30<>"TERMINAL"),TEXT($F$2,"00"),TRUE,U30)} -> 00 | Y30: =IF(OR(S30="27"),S29,S30) -> 00 | Z30: =IF(OR(Y30>R30,R30>Y29),"TRUE","FALSE") -> FALSE | AA30: =IF(Z30="TRUE",O30&P30&Q30,IF(OR(L30="25",L30="26"),O30&P30&Q30,"00"&P30&Q30)) -> 000000 | AB30: =IF(Z30="TRUE",V30&W30&X30,IF(S30="27",V30&W30&X30,"00"&W30&X30)) -> 000000 | AC30: {=TEXT($D30,"000")&TEXT(IFERROR(INDEX($D$5:$D$103,_xlfn.AGGREGATE(15,6,ROW($E$5:$E$103)/(($E$5:$E$103<>"p")*($E$5:$E$103<>"t")*(ROW($E$5:$E$103)>ROW($E30))),1)-ROW($E$5)+1),$D30),"000")} -> 000000 | AD30: {=TEXT(_xlfn.XLOOKUP(TRUE, AA31:AA$103<>"250000", AA31:AA$103, "未找到"),"000000")} -> 000000 | AE30: {=_xlfn.SWITCH(TRUE,J30<>"",TEXT(J30,"MMSS"),TRUE,IFERROR(TEXT(E31-F30,"MMSS"),"0000"))} -> 0000
A31: 28 | K31: =IF(E30="着(hh:mm:ss)","start",IF(E31="p","pass",IF(OR(F31="t",K30="terminal"),"terminal","stop"))) -> terminal | L31: {=TEXT(_xlfn.SWITCH(TRUE,E31="P",$B$1,AND(E31="",K31<>"TERMINAL"),$D$1,TRUE,HOUR(E31)),"00")} -> 00 | M31: {=TEXT(_xlfn.SWITCH(TRUE,E31="P","00",AND(E31="",K31<>"TERMINAL"),"00",TRUE,MINUTE(E31)),"00")} -> 00 | N31: {=TEXT(_xlfn.SWITCH(TRUE,E31="P","00",AND(E31="",K31<>"TERMINAL"),"00",TRUE,SECOND(E31)),"00")} -> 00 | O31: {=_xlfn.SWITCH(TRUE,AND(L31="00",K31<>"TERMINAL"),TEXT($B$2,"00"),L31=TEXT($B$1,"00"),TEXT($B$1,"00"),L31=TEXT($D$1,"00"),TEXT($D$1,"00"),TRUE,+L31)} -> 00 | P31: {=_xlfn.SWITCH(TRUE,OR(L31=TEXT($B$1,"00"),L31=TEXT($D$1,"00")),"00",AND(M31="00",K31<>"TERMINAL"),TEXT($D$2,"00"),TRUE,M31)} -> 00 | Q31: {=_xlfn.SWITCH(TRUE,OR(L31=TEXT($B$1,"00"),L31=TEXT($D$1,"00")),"00",AND(N31="00",K31<>"TERMINAL"),TEXT($F$2,"00"),TRUE,N31)} -> 00 | R31: =IF(OR(L31="25",L31="26"),TEXT(MAX(VALUE(R30),VALUE(Y30)),"00"),L31) -> 00 | S31: {=_xlfn.SWITCH(TRUE,F31="T",TEXT($F$1,"00"),AND(F31="",K31<>"TERMINAL"),"00",TRUE,TEXT(HOUR(F31),"00"))} -> 00 | T31: {=TEXT(_xlfn.SWITCH(TRUE,F31="T","00",AND(F31="",K31<>"TERMINAL"),"00",TRUE,MINUTE(F31)),"00")} -> 00 | U31: {=TEXT(_xlfn.SWITCH(TRUE,F31="T","00",AND(F31="",K31<>"TERMINAL"),"00",TRUE,SECOND(F31)),"00")} -> 00 | V31: =IF(AND(S31="00",F30<>"t",V30<>"00"),"24",S31) -> 00 | W31: {=_xlfn.SWITCH(TRUE,OR(S31=TEXT($B$1,"00"),S31=TEXT($D$1,"00")),"00",AND(T31="00",K31<>"TERMINAL"),TEXT($D$2,"00"),TRUE,T31)} -> 00 | X31: {=_xlfn.SWITCH(TRUE,OR(S31=TEXT($B$1,"00"),S31=TEXT($D$1,"00")),"00",AND(U31="00",K31<>"TERMINAL"),TEXT($F$2,"00"),TRUE,U31)} -> 00 | Y31: =IF(OR(S31="27"),S30,S31) -> 00 | Z31: =IF(OR(Y31>R31,R31>Y30),"TRUE","FALSE") -> FALSE | AA31: =IF(Z31="TRUE",O31&P31&Q31,IF(OR(L31="25",L31="26"),O31&P31&Q31,"00"&P31&Q31)) -> 000000 | AB31: =IF(Z31="TRUE",V31&W31&X31,IF(S31="27",V31&W31&X31,"00"&W31&X31)) -> 000000 | AC31: {=TEXT($D31,"000")&TEXT(IFERROR(INDEX($D$5:$D$103,_xlfn.AGGREGATE(15,6,ROW($E$5:$E$103)/(($E$5:$E$103<>"p")*($E$5:$E$103<>"t")*(ROW($E$5:$E$103)>ROW($E31))),1)-ROW($E$5)+1),$D31),"000")} -> 000000 | AD31: {=TEXT(_xlfn.XLOOKUP(TRUE, AA32:AA$103<>"250000", AA32:AA$103, "未找到"),"000000")} -> 000000 | AE31: {=_xlfn.SWITCH(TRUE,J31<>"",TEXT(J31,"MMSS"),TRUE,IFERROR(TEXT(E32-F31,"MMSS"),"0000"))} -> 0000
A32: 29 | K32: =IF(E31="着(hh:mm:ss)","start",IF(E32="p","pass",IF(OR(F32="t",K31="terminal"),"terminal","stop"))) -> terminal | L32: {=TEXT(_xlfn.SWITCH(TRUE,E32="P",$B$1,AND(E32="",K32<>"TERMINAL"),$D$1,TRUE,HOUR(E32)),"00")} -> 00 | M32: {=TEXT(_xlfn.SWITCH(TRUE,E32="P","00",AND(E32="",K32<>"TERMINAL"),"00",TRUE,MINUTE(E32)),"00")} -> 00 | N32: {=TEXT(_xlfn.SWITCH(TRUE,E32="P","00",AND(E32="",K32<>"TERMINAL"),"00",TRUE,SECOND(E32)),"00")} -> 00 | O32: {=_xlfn.SWITCH(TRUE,AND(L32="00",K32<>"TERMINAL"),TEXT($B$2,"00"),L32=TEXT($B$1,"00"),TEXT($B$1,"00"),L32=TEXT($D$1,"00"),TEXT($D$1,"00"),TRUE,+L32)} -> 00 | P32: {=_xlfn.SWITCH(TRUE,OR(L32=TEXT($B$1,"00"),L32=TEXT($D$1,"00")),"00",AND(M32="00",K32<>"TERMINAL"),TEXT($D$2,"00"),TRUE,M32)} -> 00 | Q32: {=_xlfn.SWITCH(TRUE,OR(L32=TEXT($B$1,"00"),L32=TEXT($D$1,"00")),"00",AND(N32="00",K32<>"TERMINAL"),TEXT($F$2,"00"),TRUE,N32)} -> 00 | R32: =IF(OR(L32="25",L32="26"),TEXT(MAX(VALUE(R31),VALUE(Y31)),"00"),L32) -> 00 | S32: {=_xlfn.SWITCH(TRUE,F32="T",TEXT($F$1,"00"),AND(F32="",K32<>"TERMINAL"),"00",TRUE,TEXT(HOUR(F32),"00"))} -> 00 | T32: {=TEXT(_xlfn.SWITCH(TRUE,F32="T","00",AND(F32="",K32<>"TERMINAL"),"00",TRUE,MINUTE(F32)),"00")} -> 00 | U32: {=TEXT(_xlfn.SWITCH(TRUE,F32="T","00",AND(F32="",K32<>"TERMINAL"),"00",TRUE,SECOND(F32)),"00")} -> 00 | V32: =IF(AND(S32="00",F31<>"t",V31<>"00"),"24",S32) -> 00 | W32: {=_xlfn.SWITCH(TRUE,OR(S32=TEXT($B$1,"00"),S32=TEXT($D$1,"00")),"00",AND(T32="00",K32<>"TERMINAL"),TEXT($D$2,"00"),TRUE,T32)} -> 00 | X32: {=_xlfn.SWITCH(TRUE,OR(S32=TEXT($B$1,"00"),S32=TEXT($D$1,"00")),"00",AND(U32="00",K32<>"TERMINAL"),TEXT($F$2,"00"),TRUE,U32)} -> 00 | Y32: =IF(OR(S32="27"),S31,S32) -> 00 | Z32: =IF(OR(Y32>R32,R32>Y31),"TRUE","FALSE") -> FALSE | AA32: =IF(Z32="TRUE",O32&P32&Q32,IF(OR(L32="25",L32="26"),O32&P32&Q32,"00"&P32&Q32)) -> 000000 | AB32: =IF(Z32="TRUE",V32&W32&X32,IF(S32="27",V32&W32&X32,"00"&W32&X32)) -> 000000 | AC32: {=TEXT($D32,"000")&TEXT(IFERROR(INDEX($D$5:$D$103,_xlfn.AGGREGATE(15,6,ROW($E$5:$E$103)/(($E$5:$E$103<>"p")*($E$5:$E$103<>"t")*(ROW($E$5:$E$103)>ROW($E32))),1)-ROW($E$5)+1),$D32),"000")} -> 000000 | AD32: {=TEXT(_xlfn.XLOOKUP(TRUE, AA33:AA$103<>"250000", AA33:AA$103, "未找到"),"000000")} -> 000000 | AE32: {=_xlfn.SWITCH(TRUE,J32<>"",TEXT(J32,"MMSS"),TRUE,IFERROR(TEXT(E33-F32,"MMSS"),"0000"))} -> 0000
A33: 30 | K33: =IF(E32="着(hh:mm:ss)","start",IF(E33="p","pass",IF(OR(F33="t",K32="terminal"),"terminal","stop"))) -> terminal | L33: {=TEXT(_xlfn.SWITCH(TRUE,E33="P",$B$1,AND(E33="",K33<>"TERMINAL"),$D$1,TRUE,HOUR(E33)),"00")} -> 00 | M33: {=TEXT(_xlfn.SWITCH(TRUE,E33="P","00",AND(E33="",K33<>"TERMINAL"),"00",TRUE,MINUTE(E33)),"00")} -> 00 | N33: {=TEXT(_xlfn.SWITCH(TRUE,E33="P","00",AND(E33="",K33<>"TERMINAL"),"00",TRUE,SECOND(E33)),"00")} -> 00 | O33: {=_xlfn.SWITCH(TRUE,AND(L33="00",K33<>"TERMINAL"),TEXT($B$2,"00"),L33=TEXT($B$1,"00"),TEXT($B$1,"00"),L33=TEXT($D$1,"00"),TEXT($D$1,"00"),TRUE,+L33)} -> 00 | P33: {=_xlfn.SWITCH(TRUE,OR(L33=TEXT($B$1,"00"),L33=TEXT($D$1,"00")),"00",AND(M33="00",K33<>"TERMINAL"),TEXT($D$2,"00"),TRUE,M33)} -> 00 | Q33: {=_xlfn.SWITCH(TRUE,OR(L33=TEXT($B$1,"00"),L33=TEXT($D$1,"00")),"00",AND(N33="00",K33<>"TERMINAL"),TEXT($F$2,"00"),TRUE,N33)} -> 00 | R33: =IF(OR(L33="25",L33="26"),TEXT(MAX(VALUE(R32),VALUE(Y32)),"00"),L33) -> 00 | S33: {=_xlfn.SWITCH(TRUE,F33="T",TEXT($F$1,"00"),AND(F33="",K33<>"TERMINAL"),"00",TRUE,TEXT(HOUR(F33),"00"))} -> 00 | T33: {=TEXT(_xlfn.SWITCH(TRUE,F33="T","00",AND(F33="",K33<>"TERMINAL"),"00",TRUE,MINUTE(F33)),"00")} -> 00 | U33: {=TEXT(_xlfn.SWITCH(TRUE,F33="T","00",AND(F33="",K33<>"TERMINAL"),"00",TRUE,SECOND(F33)),"00")} -> 00 | V33: =IF(AND(S33="00",F32<>"t",V32<>"00"),"24",S33) -> 00 | W33: {=_xlfn.SWITCH(TRUE,OR(S33=TEXT($B$1,"00"),S33=TEXT($D$1,"00")),"00",AND(T33="00",K33<>"TERMINAL"),TEXT($D$2,"00"),TRUE,T33)} -> 00 | X33: {=_xlfn.SWITCH(TRUE,OR(S33=TEXT($B$1,"00"),S33=TEXT($D$1,"00")),"00",AND(U33="00",K33<>"TERMINAL"),TEXT($F$2,"00"),TRUE,U33)} -> 00 | Y33: =IF(OR(S33="27"),S32,S33) -> 00 | Z33: =IF(OR(Y33>R33,R33>Y32),"TRUE","FALSE") -> FALSE | AA33: =IF(Z33="TRUE",O33&P33&Q33,IF(OR(L33="25",L33="26"),O33&P33&Q33,"00"&P33&Q33)) -> 000000 | AB33: =IF(Z33="TRUE",V33&W33&X33,IF(S33="27",V33&W33&X33,"00"&W33&X33)) -> 000000 | AC33: {=TEXT($D33,"000")&TEXT(IFERROR(INDEX($D$5:$D$103,_xlfn.AGGREGATE(15,6,ROW($E$5:$E$103)/(($E$5:$E$103<>"p")*($E$5:$E$103<>"t")*(ROW($E$5:$E$103)>ROW($E33))),1)-ROW($E$5)+1),$D33),"000")} -> 000000 | AD33: {=TEXT(_xlfn.XLOOKUP(TRUE, AA34:AA$103<>"250000", AA34:AA$103, "未找到"),"000000")} -> 000000 | AE33: {=_xlfn.SWITCH(TRUE,J33<>"",TEXT(J33,"MMSS"),TRUE,IFERROR(TEXT(E34-F33,"MMSS"),"0000"))} -> 0000
A34: 31 | K34: =IF(E33="着(hh:mm:ss)","start",IF(E34="p","pass",IF(OR(F34="t",K33="terminal"),"terminal","stop"))) -> terminal | L34: {=TEXT(_xlfn.SWITCH(TRUE,E34="P",$B$1,AND(E34="",K34<>"TERMINAL"),$D$1,TRUE,HOUR(E34)),"00")} -> 00 | M34: {=TEXT(_xlfn.SWITCH(TRUE,E34="P","00",AND(E34="",K34<>"TERMINAL"),"00",TRUE,MINUTE(E34)),"00")} -> 00 | N34: {=TEXT(_xlfn.SWITCH(TRUE,E34="P","00",AND(E34="",K34<>"TERMINAL"),"00",TRUE,SECOND(E34)),"00")} -> 00 | O34: {=_xlfn.SWITCH(TRUE,AND(L34="00",K34<>"TERMINAL"),TEXT($B$2,"00"),L34=TEXT($B$1,"00"),TEXT($B$1,"00"),L34=TEXT($D$1,"00"),TEXT($D$1,"00"),TRUE,+L34)} -> 00 | P34: {=_xlfn.SWITCH(TRUE,OR(L34=TEXT($B$1,"00"),L34=TEXT($D$1,"00")),"00",AND(M34="00",K34<>"TERMINAL"),TEXT($D$2,"00"),TRUE,M34)} -> 00 | Q34: {=_xlfn.SWITCH(TRUE,OR(L34=TEXT($B$1,"00"),L34=TEXT($D$1,"00")),"00",AND(N34="00",K34<>"TERMINAL"),TEXT($F$2,"00"),TRUE,N34)} -> 00 | R34: =IF(OR(L34="25",L34="26"),TEXT(MAX(VALUE(R33),VALUE(Y33)),"00"),L34) -> 00 | S34: {=_xlfn.SWITCH(TRUE,F34="T",TEXT($F$1,"00"),AND(F34="",K34<>"TERMINAL"),"00",TRUE,TEXT(HOUR(F34),"00"))} -> 00 | T34: {=TEXT(_xlfn.SWITCH(TRUE,F34="T","00",AND(F34="",K34<>"TERMINAL"),"00",TRUE,MINUTE(F34)),"00")} -> 00 | U34: {=TEXT(_xlfn.SWITCH(TRUE,F34="T","00",AND(F34="",K34<>"TERMINAL"),"00",TRUE,SECOND(F34)),"00")} -> 00 | V34: =IF(AND(S34="00",F33<>"t",V33<>"00"),"24",S34) -> 00 | W34: {=_xlfn.SWITCH(TRUE,OR(S34=TEXT($B$1,"00"),S34=TEXT($D$1,"00")),"00",AND(T34="00",K34<>"TERMINAL"),TEXT($D$2,"00"),TRUE,T34)} -> 00 | X34: {=_xlfn.SWITCH(TRUE,OR(S34=TEXT($B$1,"00"),S34=TEXT($D$1,"00")),"00",AND(U34="00",K34<>"TERMINAL"),TEXT($F$2,"00"),TRUE,U34)} -> 00 | Y34: =IF(OR(S34="27"),S33,S34) -> 00 | Z34: =IF(OR(Y34>R34,R34>Y33),"TRUE","FALSE") -> FALSE | AA34: =IF(Z34="TRUE",O34&P34&Q34,IF(OR(L34="25",L34="26"),O34&P34&Q34,"00"&P34&Q34)) -> 000000 | AB34: =IF(Z34="TRUE",V34&W34&X34,IF(S34="27",V34&W34&X34,"00"&W34&X34)) -> 000000 | AC34: {=TEXT($D34,"000")&TEXT(IFERROR(INDEX($D$5:$D$103,_xlfn.AGGREGATE(15,6,ROW($E$5:$E$103)/(($E$5:$E$103<>"p")*($E$5:$E$103<>"t")*(ROW($E$5:$E$103)>ROW($E34))),1)-ROW($E$5)+1),$D34),"000")} -> 000000 | AD34: {=TEXT(_xlfn.XLOOKUP(TRUE, AA35:AA$103<>"250000", AA35:AA$103, "未找到"),"000000")} -> 000000 | AE34: {=_xlfn.SWITCH(TRUE,J34<>"",TEXT(J34,"MMSS"),TRUE,IFERROR(TEXT(E35-F34,"MMSS"),"0000"))} -> 0000
A35: 32 | K35: =IF(E34="着(hh:mm:ss)","start",IF(E35="p","pass",IF(OR(F35="t",K34="terminal"),"terminal","stop"))) -> terminal | L35: {=TEXT(_xlfn.SWITCH(TRUE,E35="P",$B$1,AND(E35="",K35<>"TERMINAL"),$D$1,TRUE,HOUR(E35)),"00")} -> 00 | M35: {=TEXT(_xlfn.SWITCH(TRUE,E35="P","00",AND(E35="",K35<>"TERMINAL"),"00",TRUE,MINUTE(E35)),"00")} -> 00 | N35: {=TEXT(_xlfn.SWITCH(TRUE,E35="P","00",AND(E35="",K35<>"TERMINAL"),"00",TRUE,SECOND(E35)),"00")} -> 00 | O35: {=_xlfn.SWITCH(TRUE,AND(L35="00",K35<>"TERMINAL"),TEXT($B$2,"00"),L35=TEXT($B$1,"00"),TEXT($B$1,"00"),L35=TEXT($D$1,"00"),TEXT($D$1,"00"),TRUE,+L35)} -> 00 | P35: {=_xlfn.SWITCH(TRUE,OR(L35=TEXT($B$1,"00"),L35=TEXT($D$1,"00")),"00",AND(M35="00",K35<>"TERMINAL"),TEXT($D$2,"00"),TRUE,M35)} -> 00 | Q35: {=_xlfn.SWITCH(TRUE,OR(L35=TEXT($B$1,"00"),L35=TEXT($D$1,"00")),"00",AND(N35="00",K35<>"TERMINAL"),TEXT($F$2,"00"),TRUE,N35)} -> 00 | R35: =IF(OR(L35="25",L35="26"),TEXT(MAX(VALUE(R34),VALUE(Y34)),"00"),L35) -> 00 | S35: {=_xlfn.SWITCH(TRUE,F35="T",TEXT($F$1,"00"),AND(F35="",K35<>"TERMINAL"),"00",TRUE,TEXT(HOUR(F35),"00"))} -> 00 | T35: {=TEXT(_xlfn.SWITCH(TRUE,F35="T","00",AND(F35="",K35<>"TERMINAL"),"00",TRUE,MINUTE(F35)),"00")} -> 00 | U35: {=TEXT(_xlfn.SWITCH(TRUE,F35="T","00",AND(F35="",K35<>"TERMINAL"),"00",TRUE,SECOND(F35)),"00")} -> 00 | V35: =IF(AND(S35="00",F34<>"t",V34<>"00"),"24",S35) -> 00 | W35: {=_xlfn.SWITCH(TRUE,OR(S35=TEXT($B$1,"00"),S35=TEXT($D$1,"00")),"00",AND(T35="00",K35<>"TERMINAL"),TEXT($D$2,"00"),TRUE,T35)} -> 00 | X35: {=_xlfn.SWITCH(TRUE,OR(S35=TEXT($B$1,"00"),S35=TEXT($D$1,"00")),"00",AND(U35="00",K35<>"TERMINAL"),TEXT($F$2,"00"),TRUE,U35)} -> 00 | Y35: =IF(OR(S35="27"),S34,S35) -> 00 | Z35: =IF(OR(Y35>R35,R35>Y34),"TRUE","FALSE") -> FALSE | AA35: =IF(Z35="TRUE",O35&P35&Q35,IF(OR(L35="25",L35="26"),O35&P35&Q35,"00"&P35&Q35)) -> 000000 | AB35: =IF(Z35="TRUE",V35&W35&X35,IF(S35="27",V35&W35&X35,"00"&W35&X35)) -> 000000 | AC35: {=TEXT($D35,"000")&TEXT(IFERROR(INDEX($D$5:$D$103,_xlfn.AGGREGATE(15,6,ROW($E$5:$E$103)/(($E$5:$E$103<>"p")*($E$5:$E$103<>"t")*(ROW($E$5:$E$103)>ROW($E35))),1)-ROW($E$5)+1),$D35),"000")} -> 000000 | AD35: {=TEXT(_xlfn.XLOOKUP(TRUE, AA36:AA$103<>"250000", AA36:AA$103, "未找到"),"000000")} -> 000000 | AE35: {=_xlfn.SWITCH(TRUE,J35<>"",TEXT(J35,"MMSS"),TRUE,IFERROR(TEXT(E36-F35,"MMSS"),"0000"))} -> 0000
A36: 33 | K36: =IF(E35="着(hh:mm:ss)","start",IF(E36="p","pass",IF(OR(F36="t",K35="terminal"),"terminal","stop"))) -> terminal | L36: {=TEXT(_xlfn.SWITCH(TRUE,E36="P",$B$1,AND(E36="",K36<>"TERMINAL"),$D$1,TRUE,HOUR(E36)),"00")} -> 00 | M36: {=TEXT(_xlfn.SWITCH(TRUE,E36="P","00",AND(E36="",K36<>"TERMINAL"),"00",TRUE,MINUTE(E36)),"00")} -> 00 | N36: {=TEXT(_xlfn.SWITCH(TRUE,E36="P","00",AND(E36="",K36<>"TERMINAL"),"00",TRUE,SECOND(E36)),"00")} -> 00 | O36: {=_xlfn.SWITCH(TRUE,AND(L36="00",K36<>"TERMINAL"),TEXT($B$2,"00"),L36=TEXT($B$1,"00"),TEXT($B$1,"00"),L36=TEXT($D$1,"00"),TEXT($D$1,"00"),TRUE,+L36)} -> 00 | P36: {=_xlfn.SWITCH(TRUE,OR(L36=TEXT($B$1,"00"),L36=TEXT($D$1,"00")),"00",AND(M36="00",K36<>"TERMINAL"),TEXT($D$2,"00"),TRUE,M36)} -> 00 | Q36: {=_xlfn.SWITCH(TRUE,OR(L36=TEXT($B$1,"00"),L36=TEXT($D$1,"00")),"00",AND(N36="00",K36<>"TERMINAL"),TEXT($F$2,"00"),TRUE,N36)} -> 00 | R36: =IF(OR(L36="25",L36="26"),TEXT(MAX(VALUE(R35),VALUE(Y35)),"00"),L36) -> 00 | S36: {=_xlfn.SWITCH(TRUE,F36="T",TEXT($F$1,"00"),AND(F36="",K36<>"TERMINAL"),"00",TRUE,TEXT(HOUR(F36),"00"))} -> 00 | T36: {=TEXT(_xlfn.SWITCH(TRUE,F36="T","00",AND(F36="",K36<>"TERMINAL"),"00",TRUE,MINUTE(F36)),"00")} -> 00 | U36: {=TEXT(_xlfn.SWITCH(TRUE,F36="T","00",AND(F36="",K36<>"TERMINAL"),"00",TRUE,SECOND(F36)),"00")} -> 00 | V36: =IF(AND(S36="00",F35<>"t",V35<>"00"),"24",S36) -> 00 | W36: {=_xlfn.SWITCH(TRUE,OR(S36=TEXT($B$1,"00"),S36=TEXT($D$1,"00")),"00",AND(T36="00",K36<>"TERMINAL"),TEXT($D$2,"00"),TRUE,T36)} -> 00 | X36: {=_xlfn.SWITCH(TRUE,OR(S36=TEXT($B$1,"00"),S36=TEXT($D$1,"00")),"00",AND(U36="00",K36<>"TERMINAL"),TEXT($F$2,"00"),TRUE,U36)} -> 00 | Y36: =IF(OR(S36="27"),S35,S36) -> 00 | Z36: =IF(OR(Y36>R36,R36>Y35),"TRUE","FALSE") -> FALSE | AA36: =IF(Z36="TRUE",O36&P36&Q36,IF(OR(L36="25",L36="26"),O36&P36&Q36,"00"&P36&Q36)) -> 000000 | AB36: =IF(Z36="TRUE",V36&W36&X36,IF(S36="27",V36&W36&X36,"00"&W36&X36)) -> 000000 | AC36: {=TEXT($D36,"000")&TEXT(IFERROR(INDEX($D$5:$D$103,_xlfn.AGGREGATE(15,6,ROW($E$5:$E$103)/(($E$5:$E$103<>"p")*($E$5:$E$103<>"t")*(ROW($E$5:$E$103)>ROW($E36))),1)-ROW($E$5)+1),$D36),"000")} -> 000000 | AD36: {=TEXT(_xlfn.XLOOKUP(TRUE, AA37:AA$103<>"250000", AA37:AA$103, "未找到"),"000000")} -> 000000 | AE36: {=_xlfn.SWITCH(TRUE,J36<>"",TEXT(J36,"MMSS"),TRUE,IFERROR(TEXT(E37-F36,"MMSS"),"0000"))} -> 0000
A37: 34 | K37: =IF(E36="着(hh:mm:ss)","start",IF(E37="p","pass",IF(OR(F37="t",K36="terminal"),"terminal","stop"))) -> terminal | L37: {=TEXT(_xlfn.SWITCH(TRUE,E37="P",$B$1,AND(E37="",K37<>"TERMINAL"),$D$1,TRUE,HOUR(E37)),"00")} -> 00 | M37: {=TEXT(_xlfn.SWITCH(TRUE,E37="P","00",AND(E37="",K37<>"TERMINAL"),"00",TRUE,MINUTE(E37)),"00")} -> 00 | N37: {=TEXT(_xlfn.SWITCH(TRUE,E37="P","00",AND(E37="",K37<>"TERMINAL"),"00",TRUE,SECOND(E37)),"00")} -> 00 | O37: {=_xlfn.SWITCH(TRUE,AND(L37="00",K37<>"TERMINAL"),TEXT($B$2,"00"),L37=TEXT($B$1,"00"),TEXT($B$1,"00"),L37=TEXT($D$1,"00"),TEXT($D$1,"00"),TRUE,+L37)} -> 00 | P37: {=_xlfn.SWITCH(TRUE,OR(L37=TEXT($B$1,"00"),L37=TEXT($D$1,"00")),"00",AND(M37="00",K37<>"TERMINAL"),TEXT($D$2,"00"),TRUE,M37)} -> 00 | Q37: {=_xlfn.SWITCH(TRUE,OR(L37=TEXT($B$1,"00"),L37=TEXT($D$1,"00")),"00",AND(N37="00",K37<>"TERMINAL"),TEXT($F$2,"00"),TRUE,N37)} -> 00 | R37: =IF(OR(L37="25",L37="26"),TEXT(MAX(VALUE(R36),VALUE(Y36)),"00"),L37) -> 00 | S37: {=_xlfn.SWITCH(TRUE,F37="T",TEXT($F$1,"00"),AND(F37="",K37<>"TERMINAL"),"00",TRUE,TEXT(HOUR(F37),"00"))} -> 00 | T37: {=TEXT(_xlfn.SWITCH(TRUE,F37="T","00",AND(F37="",K37<>"TERMINAL"),"00",TRUE,MINUTE(F37)),"00")} -> 00 | U37: {=TEXT(_xlfn.SWITCH(TRUE,F37="T","00",AND(F37="",K37<>"TERMINAL"),"00",TRUE,SECOND(F37)),"00")} -> 00 | V37: =IF(AND(S37="00",F36<>"t",V36<>"00"),"24",S37) -> 00 | W37: {=_xlfn.SWITCH(TRUE,OR(S37=TEXT($B$1,"00"),S37=TEXT($D$1,"00")),"00",AND(T37="00",K37<>"TERMINAL"),TEXT($D$2,"00"),TRUE,T37)} -> 00 | X37: {=_xlfn.SWITCH(TRUE,OR(S37=TEXT($B$1,"00"),S37=TEXT($D$1,"00")),"00",AND(U37="00",K37<>"TERMINAL"),TEXT($F$2,"00"),TRUE,U37)} -> 00 | Y37: =IF(OR(S37="27"),S36,S37) -> 00 | Z37: =IF(OR(Y37>R37,R37>Y36),"TRUE","FALSE") -> FALSE | AA37: =IF(Z37="TRUE",O37&P37&Q37,IF(OR(L37="25",L37="26"),O37&P37&Q37,"00"&P37&Q37)) -> 000000 | AB37: =IF(Z37="TRUE",V37&W37&X37,IF(S37="27",V37&W37&X37,"00"&W37&X37)) -> 000000 | AC37: {=TEXT($D37,"000")&TEXT(IFERROR(INDEX($D$5:$D$103,_xlfn.AGGREGATE(15,6,ROW($E$5:$E$103)/(($E$5:$E$103<>"p")*($E$5:$E$103<>"t")*(ROW($E$5:$E$103)>ROW($E37))),1)-ROW($E$5)+1),$D37),"000")} -> 000000 | AD37: {=TEXT(_xlfn.XLOOKUP(TRUE, AA38:AA$103<>"250000", AA38:AA$103, "未找到"),"000000")} -> 000000 | AE37: {=_xlfn.SWITCH(TRUE,J37<>"",TEXT(J37,"MMSS"),TRUE,IFERROR(TEXT(E38-F37,"MMSS"),"0000"))} -> 0000
A38: 35 | K38: =IF(E37="着(hh:mm:ss)","start",IF(E38="p","pass",IF(OR(F38="t",K37="terminal"),"terminal","stop"))) -> terminal | L38: {=TEXT(_xlfn.SWITCH(TRUE,E38="P",$B$1,AND(E38="",K38<>"TERMINAL"),$D$1,TRUE,HOUR(E38)),"00")} -> 00 | M38: {=TEXT(_xlfn.SWITCH(TRUE,E38="P","00",AND(E38="",K38<>"TERMINAL"),"00",TRUE,MINUTE(E38)),"00")} -> 00 | N38: {=TEXT(_xlfn.SWITCH(TRUE,E38="P","00",AND(E38="",K38<>"TERMINAL"),"00",TRUE,SECOND(E38)),"00")} -> 00 | O38: {=_xlfn.SWITCH(TRUE,AND(L38="00",K38<>"TERMINAL"),TEXT($B$2,"00"),L38=TEXT($B$1,"00"),TEXT($B$1,"00"),L38=TEXT($D$1,"00"),TEXT($D$1,"00"),TRUE,+L38)} -> 00 | P38: {=_xlfn.SWITCH(TRUE,OR(L38=TEXT($B$1,"00"),L38=TEXT($D$1,"00")),"00",AND(M38="00",K38<>"TERMINAL"),TEXT($D$2,"00"),TRUE,M38)} -> 00 | Q38: {=_xlfn.SWITCH(TRUE,OR(L38=TEXT($B$1,"00"),L38=TEXT($D$1,"00")),"00",AND(N38="00",K38<>"TERMINAL"),TEXT($F$2,"00"),TRUE,N38)} -> 00 | R38: =IF(OR(L38="25",L38="26"),TEXT(MAX(VALUE(R37),VALUE(Y37)),"00"),L38) -> 00 | S38: {=_xlfn.SWITCH(TRUE,F38="T",TEXT($F$1,"00"),AND(F38="",K38<>"TERMINAL"),"00",TRUE,TEXT(HOUR(F38),"00"))} -> 00 | T38: {=TEXT(_xlfn.SWITCH(TRUE,F38="T","00",AND(F38="",K38<>"TERMINAL"),"00",TRUE,MINUTE(F38)),"00")} -> 00 | U38: {=TEXT(_xlfn.SWITCH(TRUE,F38="T","00",AND(F38="",K38<>"TERMINAL"),"00",TRUE,SECOND(F38)),"00")} -> 00 | V38: =IF(AND(S38="00",F37<>"t",V37<>"00"),"24",S38) -> 00 | W38: {=_xlfn.SWITCH(TRUE,OR(S38=TEXT($B$1,"00"),S38=TEXT($D$1,"00")),"00",AND(T38="00",K38<>"TERMINAL"),TEXT($D$2,"00"),TRUE,T38)} -> 00 | X38: {=_xlfn.SWITCH(TRUE,OR(S38=TEXT($B$1,"00"),S38=TEXT($D$1,"00")),"00",AND(U38="00",K38<>"TERMINAL"),TEXT($F$2,"00"),TRUE,U38)} -> 00 | Y38: =IF(OR(S38="27"),S37,S38) -> 00 | Z38: =IF(OR(Y38>R38,R38>Y37),"TRUE","FALSE") -> FALSE | AA38: =IF(Z38="TRUE",O38&P38&Q38,IF(OR(L38="25",L38="26"),O38&P38&Q38,"00"&P38&Q38)) -> 000000 | AB38: =IF(Z38="TRUE",V38&W38&X38,IF(S38="27",V38&W38&X38,"00"&W38&X38)) -> 000000 | AC38: {=TEXT($D38,"000")&TEXT(IFERROR(INDEX($D$5:$D$103,_xlfn.AGGREGATE(15,6,ROW($E$5:$E$103)/(($E$5:$E$103<>"p")*($E$5:$E$103<>"t")*(ROW($E$5:$E$103)>ROW($E38))),1)-ROW($E$5)+1),$D38),"000")} -> 000000 | AD38: {=TEXT(_xlfn.XLOOKUP(TRUE, AA39:AA$103<>"250000", AA39:AA$103, "未找到"),"000000")} -> 000000 | AE38: {=_xlfn.SWITCH(TRUE,J38<>"",TEXT(J38,"MMSS"),TRUE,IFERROR(TEXT(E39-F38,"MMSS"),"0000"))} -> 0000
A39: 36 | K39: =IF(E38="着(hh:mm:ss)","start",IF(E39="p","pass",IF(OR(F39="t",K38="terminal"),"terminal","stop"))) -> terminal | L39: {=TEXT(_xlfn.SWITCH(TRUE,E39="P",$B$1,AND(E39="",K39<>"TERMINAL"),$D$1,TRUE,HOUR(E39)),"00")} -> 00 | M39: {=TEXT(_xlfn.SWITCH(TRUE,E39="P","00",AND(E39="",K39<>"TERMINAL"),"00",TRUE,MINUTE(E39)),"00")} -> 00 | N39: {=TEXT(_xlfn.SWITCH(TRUE,E39="P","00",AND(E39="",K39<>"TERMINAL"),"00",TRUE,SECOND(E39)),"00")} -> 00 | O39: {=_xlfn.SWITCH(TRUE,AND(L39="00",K39<>"TERMINAL"),TEXT($B$2,"00"),L39=TEXT($B$1,"00"),TEXT($B$1,"00"),L39=TEXT($D$1,"00"),TEXT($D$1,"00"),TRUE,+L39)} -> 00 | P39: {=_xlfn.SWITCH(TRUE,OR(L39=TEXT($B$1,"00"),L39=TEXT($D$1,"00")),"00",AND(M39="00",K39<>"TERMINAL"),TEXT($D$2,"00"),TRUE,M39)} -> 00 | Q39: {=_xlfn.SWITCH(TRUE,OR(L39=TEXT($B$1,"00"),L39=TEXT($D$1,"00")),"00",AND(N39="00",K39<>"TERMINAL"),TEXT($F$2,"00"),TRUE,N39)} -> 00 | R39: =IF(OR(L39="25",L39="26"),TEXT(MAX(VALUE(R38),VALUE(Y38)),"00"),L39) -> 00 | S39: {=_xlfn.SWITCH(TRUE,F39="T",TEXT($F$1,"00"),AND(F39="",K39<>"TERMINAL"),"00",TRUE,TEXT(HOUR(F39),"00"))} -> 00 | T39: {=TEXT(_xlfn.SWITCH(TRUE,F39="T","00",AND(F39="",K39<>"TERMINAL"),"00",TRUE,MINUTE(F39)),"00")} -> 00 | U39: {=TEXT(_xlfn.SWITCH(TRUE,F39="T","00",AND(F39="",K39<>"TERMINAL"),"00",TRUE,SECOND(F39)),"00")} -> 00 | V39: =IF(AND(S39="00",F38<>"t",V38<>"00"),"24",S39) -> 00 | W39: {=_xlfn.SWITCH(TRUE,OR(S39=TEXT($B$1,"00"),S39=TEXT($D$1,"00")),"00",AND(T39="00",K39<>"TERMINAL"),TEXT($D$2,"00"),TRUE,T39)} -> 00 | X39: {=_xlfn.SWITCH(TRUE,OR(S39=TEXT($B$1,"00"),S39=TEXT($D$1,"00")),"00",AND(U39="00",K39<>"TERMINAL"),TEXT($F$2,"00"),TRUE,U39)} -> 00 | Y39: =IF(OR(S39="27"),S38,S39) -> 00 | Z39: =IF(OR(Y39>R39,R39>Y38),"TRUE","FALSE") -> FALSE | AA39: =IF(Z39="TRUE",O39&P39&Q39,IF(OR(L39="25",L39="26"),O39&P39&Q39,"00"&P39&Q39)) -> 000000 | AB39: =IF(Z39="TRUE",V39&W39&X39,IF(S39="27",V39&W39&X39,"00"&W39&X39)) -> 000000 | AC39: {=TEXT($D39,"000")&TEXT(IFERROR(INDEX($D$5:$D$103,_xlfn.AGGREGATE(15,6,ROW($E$5:$E$103)/(($E$5:$E$103<>"p")*($E$5:$E$103<>"t")*(ROW($E$5:$E$103)>ROW($E39))),1)-ROW($E$5)+1),$D39),"000")} -> 000000 | AD39: {=TEXT(_xlfn.XLOOKUP(TRUE, AA40:AA$103<>"250000", AA40:AA$103, "未找到"),"000000")} -> 000000 | AE39: {=_xlfn.SWITCH(TRUE,J39<>"",TEXT(J39,"MMSS"),TRUE,IFERROR(TEXT(E40-F39,"MMSS"),"0000"))} -> 0000
A40: 37 | K40: =IF(E39="着(hh:mm:ss)","start",IF(E40="p","pass",IF(OR(F40="t",K39="terminal"),"terminal","stop"))) -> terminal | L40: {=TEXT(_xlfn.SWITCH(TRUE,E40="P",$B$1,AND(E40="",K40<>"TERMINAL"),$D$1,TRUE,HOUR(E40)),"00")} -> 00 | M40: {=TEXT(_xlfn.SWITCH(TRUE,E40="P","00",AND(E40="",K40<>"TERMINAL"),"00",TRUE,MINUTE(E40)),"00")} -> 00 | N40: {=TEXT(_xlfn.SWITCH(TRUE,E40="P","00",AND(E40="",K40<>"TERMINAL"),"00",TRUE,SECOND(E40)),"00")} -> 00 | O40: {=_xlfn.SWITCH(TRUE,AND(L40="00",K40<>"TERMINAL"),TEXT($B$2,"00"),L40=TEXT($B$1,"00"),TEXT($B$1,"00"),L40=TEXT($D$1,"00"),TEXT($D$1,"00"),TRUE,+L40)} -> 00 | P40: {=_xlfn.SWITCH(TRUE,OR(L40=TEXT($B$1,"00"),L40=TEXT($D$1,"00")),"00",AND(M40="00",K40<>"TERMINAL"),TEXT($D$2,"00"),TRUE,M40)} -> 00 | Q40: {=_xlfn.SWITCH(TRUE,OR(L40=TEXT($B$1,"00"),L40=TEXT($D$1,"00")),"00",AND(N40="00",K40<>"TERMINAL"),TEXT($F$2,"00"),TRUE,N40)} -> 00 | R40: =IF(OR(L40="25",L40="26"),TEXT(MAX(VALUE(R39),VALUE(Y39)),"00"),L40) -> 00 | S40: {=_xlfn.SWITCH(TRUE,F40="T",TEXT($F$1,"00"),AND(F40="",K40<>"TERMINAL"),"00",TRUE,TEXT(HOUR(F40),"00"))} -> 00 | T40: {=TEXT(_xlfn.SWITCH(TRUE,F40="T","00",AND(F40="",K40<>"TERMINAL"),"00",TRUE,MINUTE(F40)),"00")} -> 00 | U40: {=TEXT(_xlfn.SWITCH(TRUE,F40="T","00",AND(F40="",K40<>"TERMINAL"),"00",TRUE,SECOND(F40)),"00")} -> 00 | V40: =IF(AND(S40="00",F39<>"t",V39<>"00"),"24",S40) -> 00 | W40: {=_xlfn.SWITCH(TRUE,OR(S40=TEXT($B$1,"00"),S40=TEXT($D$1,"00")),"00",AND(T40="00",K40<>"TERMINAL"),TEXT($D$2,"00"),TRUE,T40)} -> 00 | X40: {=_xlfn.SWITCH(TRUE,OR(S40=TEXT($B$1,"00"),S40=TEXT($D$1,"00")),"00",AND(U40="00",K40<>"TERMINAL"),TEXT($F$2,"00"),TRUE,U40)} -> 00 | Y40: =IF(OR(S40="27"),S39,S40) -> 00 | Z40: =IF(OR(Y40>R40,R40>Y39),"TRUE","FALSE") -> FALSE | AA40: =IF(Z40="TRUE",O40&P40&Q40,IF(OR(L40="25",L40="26"),O40&P40&Q40,"00"&P40&Q40)) -> 000000 | AB40: =IF(Z40="TRUE",V40&W40&X40,IF(S40="27",V40&W40&X40,"00"&W40&X40)) -> 000000 | AC40: {=TEXT($D40,"000")&TEXT(IFERROR(INDEX($D$5:$D$103,_xlfn.AGGREGATE(15,6,ROW($E$5:$E$103)/(($E$5:$E$103<>"p")*($E$5:$E$103<>"t")*(ROW($E$5:$E$103)>ROW($E40))),1)-ROW($E$5)+1),$D40),"000")} -> 000000 | AD40: {=TEXT(_xlfn.XLOOKUP(TRUE, AA41:AA$103<>"250000", AA41:AA$103, "未找到"),"000000")} -> 000000 | AE40: {=_xlfn.SWITCH(TRUE,J40<>"",TEXT(J40,"MMSS"),TRUE,IFERROR(TEXT(E41-F40,"MMSS"),"0000"))} -> 0000
A41: 38 | K41: =IF(E40="着(hh:mm:ss)","start",IF(E41="p","pass",IF(OR(F41="t",K40="terminal"),"terminal","stop"))) -> terminal | L41: {=TEXT(_xlfn.SWITCH(TRUE,E41="P",$B$1,AND(E41="",K41<>"TERMINAL"),$D$1,TRUE,HOUR(E41)),"00")} -> 00 | M41: {=TEXT(_xlfn.SWITCH(TRUE,E41="P","00",AND(E41="",K41<>"TERMINAL"),"00",TRUE,MINUTE(E41)),"00")} -> 00 | N41: {=TEXT(_xlfn.SWITCH(TRUE,E41="P","00",AND(E41="",K41<>"TERMINAL"),"00",TRUE,SECOND(E41)),"00")} -> 00 | O41: {=_xlfn.SWITCH(TRUE,AND(L41="00",K41<>"TERMINAL"),TEXT($B$2,"00"),L41=TEXT($B$1,"00"),TEXT($B$1,"00"),L41=TEXT($D$1,"00"),TEXT($D$1,"00"),TRUE,+L41)} -> 00 | P41: {=_xlfn.SWITCH(TRUE,OR(L41=TEXT($B$1,"00"),L41=TEXT($D$1,"00")),"00",AND(M41="00",K41<>"TERMINAL"),TEXT($D$2,"00"),TRUE,M41)} -> 00 | Q41: {=_xlfn.SWITCH(TRUE,OR(L41=TEXT($B$1,"00"),L41=TEXT($D$1,"00")),"00",AND(N41="00",K41<>"TERMINAL"),TEXT($F$2,"00"),TRUE,N41)} -> 00 | R41: =IF(OR(L41="25",L41="26"),TEXT(MAX(VALUE(R40),VALUE(Y40)),"00"),L41) -> 00 | S41: {=_xlfn.SWITCH(TRUE,F41="T",TEXT($F$1,"00"),AND(F41="",K41<>"TERMINAL"),"00",TRUE,TEXT(HOUR(F41),"00"))} -> 00 | T41: {=TEXT(_xlfn.SWITCH(TRUE,F41="T","00",AND(F41="",K41<>"TERMINAL"),"00",TRUE,MINUTE(F41)),"00")} -> 00 | U41: {=TEXT(_xlfn.SWITCH(TRUE,F41="T","00",AND(F41="",K41<>"TERMINAL"),"00",TRUE,SECOND(F41)),"00")} -> 00 | V41: =IF(AND(S41="00",F40<>"t",V40<>"00"),"24",S41) -> 00 | W41: {=_xlfn.SWITCH(TRUE,OR(S41=TEXT($B$1,"00"),S41=TEXT($D$1,"00")),"00",AND(T41="00",K41<>"TERMINAL"),TEXT($D$2,"00"),TRUE,T41)} -> 00 | X41: {=_xlfn.SWITCH(TRUE,OR(S41=TEXT($B$1,"00"),S41=TEXT($D$1,"00")),"00",AND(U41="00",K41<>"TERMINAL"),TEXT($F$2,"00"),TRUE,U41)} -> 00 | Y41: =IF(OR(S41="27"),S40,S41) -> 00 | Z41: =IF(OR(Y41>R41,R41>Y40),"TRUE","FALSE") -> FALSE | AA41: =IF(Z41="TRUE",O41&P41&Q41,IF(OR(L41="25",L41="26"),O41&P41&Q41,"00"&P41&Q41)) -> 000000 | AB41: =IF(Z41="TRUE",V41&W41&X41,IF(S41="27",V41&W41&X41,"00"&W41&X41)) -> 000000 | AC41: {=TEXT($D41,"000")&TEXT(IFERROR(INDEX($D$5:$D$103,_xlfn.AGGREGATE(15,6,ROW($E$5:$E$103)/(($E$5:$E$103<>"p")*($E$5:$E$103<>"t")*(ROW($E$5:$E$103)>ROW($E41))),1)-ROW($E$5)+1),$D41),"000")} -> 000000 | AD41: {=TEXT(_xlfn.XLOOKUP(TRUE, AA42:AA$103<>"250000", AA42:AA$103, "未找到"),"000000")} -> 000000 | AE41: {=_xlfn.SWITCH(TRUE,J41<>"",TEXT(J41,"MMSS"),TRUE,IFERROR(TEXT(E42-F41,"MMSS"),"0000"))} -> 0000
... A102: 99 | K102: =IF(E101="着(hh:mm:ss)","start",IF(E102="p","pass",IF(OR(F102="t",K101="terminal"),"terminal","stop"))) -> terminal | L102: {=TEXT(_xlfn.SWITCH(TRUE,E102="P",$B$1,AND(E102="",K102<>"TERMINAL"),$D$1,TRUE,HOUR(E102)),"00")} -> 00 | M102: {=TEXT(_xlfn.SWITCH(TRUE,E102="P","00",AND(E102="",K102<>"TERMINAL"),"00",TRUE,MINUTE(E102)),"00")} -> 00 | N102: {=TEXT(_xlfn.SWITCH(TRUE,E102="P","00",AND(E102="",K102<>"TERMINAL"),"00",TRUE,SECOND(E102)),"00")} -> 00 | O102: {=_xlfn.SWITCH(TRUE,AND(L102="00",K102<>"TERMINAL"),TEXT($B$2,"00"),L102=TEXT($B$1,"00"),TEXT($B$1,"00"),L102=TEXT($D$1,"00"),TEXT($D$1,"00"),TRUE,+L102)} -> 00 | P102: {=_xlfn.SWITCH(TRUE,OR(L102=TEXT($B$1,"00"),L102=TEXT($D$1,"00")),"00",AND(M102="00",K102<>"TERMINAL"),TEXT($D$2,"00"),TRUE,M102)} -> 00 | Q102: {=_xlfn.SWITCH(TRUE,OR(L102=TEXT($B$1,"00"),L102=TEXT($D$1,"00")),"00",AND(N102="00",K102<>"TERMINAL"),TEXT($F$2,"00"),TRUE,N102)} -> 00 | R102: =IF(OR(L102="25",L102="26"),TEXT(MAX(VALUE(R101),VALUE(Y101)),"00"),L102) -> 00 | S102: {=_xlfn.SWITCH(TRUE,F102="T",TEXT($F$1,"00"),AND(F102="",K102<>"TERMINAL"),"00",TRUE,TEXT(HOUR(F102),"00"))} -> 00 | T102: {=TEXT(_xlfn.SWITCH(TRUE,F102="T","00",AND(F102="",K102<>"TERMINAL"),"00",TRUE,MINUTE(F102)),"00")} -> 00 | U102: {=TEXT(_xlfn.SWITCH(TRUE,F102="T","00",AND(F102="",K102<>"TERMINAL"),"00",TRUE,SECOND(F102)),"00")} -> 00 | V102: =IF(AND(S102="00",F101<>"t",V101<>"00"),"24",S102) -> 00 | W102: {=_xlfn.SWITCH(TRUE,OR(S102=TEXT($B$1,"00"),S102=TEXT($D$1,"00")),"00",AND(T102="00",K102<>"TERMINAL"),TEXT($D$2,"00"),TRUE,T102)} -> 00 | X102: {=_xlfn.SWITCH(TRUE,OR(S102=TEXT($B$1,"00"),S102=TEXT($D$1,"00")),"00",AND(U102="00",K102<>"TERMINAL"),TEXT($F$2,"00"),TRUE,U102)} -> 00 | Y102: =IF(OR(S102="27"),S101,S102) -> 00 | Z102: =IF(OR(Y102>R102,R102>Y101),"TRUE","FALSE") -> FALSE | AA102: =IF(Z102="TRUE",O102&P102&Q102,IF(OR(L102="25",L102="26"),O102&P102&Q102,"00"&P102&Q102)) -> 000000 | AB102: =IF(Z102="TRUE",V102&W102&X102,IF(S102="27",V102&W102&X102,"00"&W102&X102)) -> 000000 | AC102: {=TEXT($D102,"000")&TEXT(IFERROR(INDEX($D$5:$D$103,_xlfn.AGGREGATE(15,6,ROW($E$5:$E$103)/(($E$5:$E$103<>"p")*($E$5:$E$103<>"t")*(ROW($E$5:$E$103)>ROW($E102))),1)-ROW($E$5)+1),$D102),"000")} -> 000000 | AD102: {=TEXT(_xlfn.XLOOKUP(TRUE, AA103:AA$103<>"250000", AA103:AA$103, "未找到"),"000000")} -> 000000 | AE102: {=_xlfn.SWITCH(TRUE,J102<>"",TEXT(J102,"MMSS"),TRUE,IFERROR(TEXT(E103-F102,"MMSS"),"0000"))} -> 0000
A103: 100 | K103: =IF(E102="着(hh:mm:ss)","start",IF(E103="p","pass",IF(OR(F103="t",K102="terminal"),"terminal","stop"))) -> terminal | L103: {=TEXT(_xlfn.SWITCH(TRUE,E103="P",$B$1,AND(E103="",K103<>"TERMINAL"),$D$1,TRUE,HOUR(E103)),"00")} -> 00 | M103: {=TEXT(_xlfn.SWITCH(TRUE,E103="P","00",AND(E103="",K103<>"TERMINAL"),"00",TRUE,MINUTE(E103)),"00")} -> 00 | N103: {=TEXT(_xlfn.SWITCH(TRUE,E103="P","00",AND(E103="",K103<>"TERMINAL"),"00",TRUE,SECOND(E103)),"00")} -> 00 | O103: {=_xlfn.SWITCH(TRUE,AND(L103="00",K103<>"TERMINAL"),TEXT($B$2,"00"),L103=TEXT($B$1,"00"),TEXT($B$1,"00"),L103=TEXT($D$1,"00"),TEXT($D$1,"00"),TRUE,+L103)} -> 00 | P103: {=_xlfn.SWITCH(TRUE,OR(L103=TEXT($B$1,"00"),L103=TEXT($D$1,"00")),"00",AND(M103="00",K103<>"TERMINAL"),TEXT($D$2,"00"),TRUE,M103)} -> 00 | Q103: {=_xlfn.SWITCH(TRUE,OR(L103=TEXT($B$1,"00"),L103=TEXT($D$1,"00")),"00",AND(N103="00",K103<>"TERMINAL"),TEXT($F$2,"00"),TRUE,N103)} -> 00 | R103: =IF(OR(L103="25",L103="26"),TEXT(MAX(VALUE(R102),VALUE(Y102)),"00"),L103) -> 00 | S103: {=_xlfn.SWITCH(TRUE,F103="T",TEXT($F$1,"00"),AND(F103="",K103<>"TERMINAL"),"00",TRUE,TEXT(HOUR(F103),"00"))} -> 00 | T103: {=TEXT(_xlfn.SWITCH(TRUE,F103="T","00",AND(F103="",K103<>"TERMINAL"),"00",TRUE,MINUTE(F103)),"00")} -> 00 | U103: {=TEXT(_xlfn.SWITCH(TRUE,F103="T","00",AND(F103="",K103<>"TERMINAL"),"00",TRUE,SECOND(F103)),"00")} -> 00 | V103: =IF(AND(S103="00",F102<>"t",V102<>"00"),"24",S103) -> 00 | W103: {=_xlfn.SWITCH(TRUE,OR(S103=TEXT($B$1,"00"),S103=TEXT($D$1,"00")),"00",AND(T103="00",K103<>"TERMINAL"),TEXT($D$2,"00"),TRUE,T103)} -> 00 | X103: {=_xlfn.SWITCH(TRUE,OR(S103=TEXT($B$1,"00"),S103=TEXT($D$1,"00")),"00",AND(U103="00",K103<>"TERMINAL"),TEXT($F$2,"00"),TRUE,U103)} -> 00 | Y103: =IF(OR(S103="27"),S102,S103) -> 00 | Z103: =IF(OR(Y103>R103,R103>Y102),"TRUE","FALSE") -> FALSE | AA103: =IF(Z103="TRUE",O103&P103&Q103,IF(OR(L103="25",L103="26"),O103&P103&Q103,"00"&P103&Q103)) -> 000000 | AB103: =IF(Z103="TRUE",V103&W103&X103,IF(S103="27",V103&W103&X103,"00"&W103&X103)) -> 000000 | AC103: {=TEXT($D103,"000")&TEXT(IFERROR(INDEX($D$5:$D$103,_xlfn.AGGREGATE(15,6,ROW($E$5:$E$103)/(($E$5:$E$103<>"p")*($E$5:$E$103<>"t")*(ROW($E$5:$E$103)>ROW($E103))),1)-ROW($E$5)+1),$D103),"000")} -> 000000 | AD103: {=TEXT(_xlfn.XLOOKUP(TRUE, AA$103:AA104<>"250000", AA$103:AA104, "未找到"),"000000")} -> 000000 | AE103: {=_xlfn.SWITCH(TRUE,J103<>"",TEXT(J103,"MMSS"),TRUE,IFERROR(TEXT(E104-F103,"MMSS"),"0000"))} -> 0000
K104: =IF(E103="着(hh:mm:ss)","start",IF(E104="p","pass",IF(OR(F104="t",K103="terminal"),"terminal","stop"))) -> terminal | L104: {=TEXT(_xlfn.SWITCH(TRUE,E104="P",$B$1,AND(E104="",K104<>"TERMINAL"),$D$1,TRUE,HOUR(E104)),"00")} -> 00 | M104: {=TEXT(_xlfn.SWITCH(TRUE,E104="P","00",AND(E104="",K104<>"TERMINAL"),"00",TRUE,MINUTE(E104)),"00")} -> 00 | N104: {=TEXT(_xlfn.SWITCH(TRUE,E104="P","00",AND(E104="",K104<>"TERMINAL"),"00",TRUE,SECOND(E104)),"00")} -> 00 | O104: {=_xlfn.SWITCH(TRUE,AND(L104="00",K104<>"TERMINAL"),TEXT($B$2,"00"),L104=TEXT($B$1,"00"),TEXT($B$1,"00"),L104=TEXT($D$1,"00"),TEXT($D$1,"00"),TRUE,+L104)} -> 00 | P104: {=_xlfn.SWITCH(TRUE,OR(L104=TEXT($B$1,"00"),L104=TEXT($D$1,"00")),"00",AND(M104="00",K104<>"TERMINAL"),TEXT($D$2,"00"),TRUE,M104)} -> 00 | Q104: {=_xlfn.SWITCH(TRUE,OR(L104=TEXT($B$1,"00"),L104=TEXT($D$1,"00")),"00",AND(N104="00",K104<>"TERMINAL"),TEXT($F$2,"00"),TRUE,N104)} -> 00 | R104: =IF(OR(L104="25",L104="26"),TEXT(MAX(VALUE(R103),VALUE(Y103)),"00"),L104) -> 00 | S104: {=_xlfn.SWITCH(TRUE,F104="T",TEXT($F$1,"00"),AND(F104="",K104<>"TERMINAL"),"00",TRUE,TEXT(HOUR(F104),"00"))} -> 00 | T104: {=TEXT(_xlfn.SWITCH(TRUE,F104="T","00",AND(F104="",K104<>"TERMINAL"),"00",TRUE,MINUTE(F104)),"00")} -> 00 | U104: {=TEXT(_xlfn.SWITCH(TRUE,F104="T","00",AND(F104="",K104<>"TERMINAL"),"00",TRUE,SECOND(F104)),"00")} -> 00 | V104: =IF(AND(S104="00",F103<>"t",V103<>"00"),"24",S104) -> 00 | W104: {=_xlfn.SWITCH(TRUE,OR(S104=TEXT($B$1,"00"),S104=TEXT($D$1,"00")),"00",AND(T104="00",K104<>"TERMINAL"),TEXT($D$2,"00"),TRUE,T104)} -> 00 | X104: {=_xlfn.SWITCH(TRUE,OR(S104=TEXT($B$1,"00"),S104=TEXT($D$1,"00")),"00",AND(U104="00",K104<>"TERMINAL"),TEXT($F$2,"00"),TRUE,U104)} -> 00 | Y104: =IF(OR(S104="27"),S103,S104) -> 00 | Z104: =IF(OR(Y104>R104,R104>Y103),"TRUE","FALSE") -> FALSE | AA104: =IF(Z104="TRUE",O104&P104&Q104,IF(OR(L104="25",L104="26"),O104&P104&Q104,"00"&P104&Q104)) -> 000000 | AB104: =IF(Z104="TRUE",V104&W104&X104,IF(S104="27",V104&W104&X104,"00"&W104&X104)) -> 000000 | AC104: {=TEXT($D104,"000")&TEXT(IFERROR(INDEX($D$5:$D$103,_xlfn.AGGREGATE(15,6,ROW($E$5:$E$103)/(($E$5:$E$103<>"p")*($E$5:$E$103<>"t")*(ROW($E$5:$E$103)>ROW($E104))),1)-ROW($E$5)+1),$D104),"000")} -> 000000 | AD104: {=TEXT(_xlfn.XLOOKUP(TRUE, AA$103:AA105<>"250000", AA$103:AA105, "未找到"),"000000")} -> 000000 | AE104: {=_xlfn.SWITCH(TRUE,J104<>"",TEXT(J104,"MMSS"),TRUE,IFERROR(TEXT(E105-F104,"MMSS"),"0000"))} -> 0000
K105: =IF(E104="着(hh:mm:ss)","start",IF(E105="p","pass",IF(OR(F105="t",K104="terminal"),"terminal","stop"))) -> terminal | L105: {=TEXT(_xlfn.SWITCH(TRUE,E105="P",$B$1,AND(E105="",K105<>"TERMINAL"),$D$1,TRUE,HOUR(E105)),"00")} -> 00 | M105: {=TEXT(_xlfn.SWITCH(TRUE,E105="P","00",AND(E105="",K105<>"TERMINAL"),"00",TRUE,MINUTE(E105)),"00")} -> 00 | N105: {=TEXT(_xlfn.SWITCH(TRUE,E105="P","00",AND(E105="",K105<>"TERMINAL"),"00",TRUE,SECOND(E105)),"00")} -> 00 | O105: {=_xlfn.SWITCH(TRUE,AND(L105="00",K105<>"TERMINAL"),TEXT($B$2,"00"),L105=TEXT($B$1,"00"),TEXT($B$1,"00"),L105=TEXT($D$1,"00"),TEXT($D$1,"00"),TRUE,+L105)} -> 00 | P105: {=_xlfn.SWITCH(TRUE,OR(L105=TEXT($B$1,"00"),L105=TEXT($D$1,"00")),"00",AND(M105="00",K105<>"TERMINAL"),TEXT($D$2,"00"),TRUE,M105)} -> 00 | Q105: {=_xlfn.SWITCH(TRUE,OR(L105=TEXT($B$1,"00"),L105=TEXT($D$1,"00")),"00",AND(N105="00",K105<>"TERMINAL"),TEXT($F$2,"00"),TRUE,N105)} -> 00 | R105: =IF(OR(L105="25",L105="26"),TEXT(MAX(VALUE(R104),VALUE(Y104)),"00"),L105) -> 00 | S105: {=_xlfn.SWITCH(TRUE,F105="T",TEXT($F$1,"00"),AND(F105="",K105<>"TERMINAL"),"00",TRUE,TEXT(HOUR(F105),"00"))} -> 00 | T105: {=TEXT(_xlfn.SWITCH(TRUE,F105="T","00",AND(F105="",K105<>"TERMINAL"),"00",TRUE,MINUTE(F105)),"00")} -> 00 | U105: {=TEXT(_xlfn.SWITCH(TRUE,F105="T","00",AND(F105="",K105<>"TERMINAL"),"00",TRUE,SECOND(F105)),"00")} -> 00 | V105: =IF(AND(S105="00",F104<>"t",V104<>"00"),"24",S105) -> 00 | W105: {=_xlfn.SWITCH(TRUE,OR(S105=TEXT($B$1,"00"),S105=TEXT($D$1,"00")),"00",AND(T105="00",K105<>"TERMINAL"),TEXT($D$2,"00"),TRUE,T105)} -> 00 | X105: {=_xlfn.SWITCH(TRUE,OR(S105=TEXT($B$1,"00"),S105=TEXT($D$1,"00")),"00",AND(U105="00",K105<>"TERMINAL"),TEXT($F$2,"00"),TRUE,U105)} -> 00 | Y105: =IF(OR(S105="27"),S104,S105) -> 00 | Z105: =IF(OR(Y105>R105,R105>Y104),"TRUE","FALSE") -> FALSE | AA105: =IF(Z105="TRUE",O105&P105&Q105,IF(OR(L105="25",L105="26"),O105&P105&Q105,"00"&P105&Q105)) -> 000000 | AB105: =IF(Z105="TRUE",V105&W105&X105,IF(S105="27",V105&W105&X105,"00"&W105&X105)) -> 000000 | AC105: {=TEXT($D105,"000")&TEXT(IFERROR(INDEX($D$5:$D$103,_xlfn.AGGREGATE(15,6,ROW($E$5:$E$103)/(($E$5:$E$103<>"p")*($E$5:$E$103<>"t")*(ROW($E$5:$E$103)>ROW($E105))),1)-ROW($E$5)+1),$D105),"000")} -> 000000 | AD105: {=TEXT(_xlfn.XLOOKUP(TRUE, AA$103:AA106<>"250000", AA$103:AA106, "未找到"),"000000")} -> 000000 | AE105: {=_xlfn.SWITCH(TRUE,J105<>"",TEXT(J105,"MMSS"),TRUE,IFERROR(TEXT(E106-F105,"MMSS"),"0000"))} -> 0000
K106: =IF(E105="着(hh:mm:ss)","start",IF(E106="p","pass",IF(OR(F106="t",K105="terminal"),"terminal","stop"))) -> terminal | L106: {=TEXT(_xlfn.SWITCH(TRUE,E106="P",$B$1,AND(E106="",K106<>"TERMINAL"),$D$1,TRUE,HOUR(E106)),"00")} -> 00 | M106: {=TEXT(_xlfn.SWITCH(TRUE,E106="P","00",AND(E106="",K106<>"TERMINAL"),"00",TRUE,MINUTE(E106)),"00")} -> 00 | N106: {=TEXT(_xlfn.SWITCH(TRUE,E106="P","00",AND(E106="",K106<>"TERMINAL"),"00",TRUE,SECOND(E106)),"00")} -> 00 | O106: {=_xlfn.SWITCH(TRUE,AND(L106="00",K106<>"TERMINAL"),TEXT($B$2,"00"),L106=TEXT($B$1,"00"),TEXT($B$1,"00"),L106=TEXT($D$1,"00"),TEXT($D$1,"00"),TRUE,+L106)} -> 00 | P106: {=_xlfn.SWITCH(TRUE,OR(L106=TEXT($B$1,"00"),L106=TEXT($D$1,"00")),"00",AND(M106="00",K106<>"TERMINAL"),TEXT($D$2,"00"),TRUE,M106)} -> 00 | Q106: {=_xlfn.SWITCH(TRUE,OR(L106=TEXT($B$1,"00"),L106=TEXT($D$1,"00")),"00",AND(N106="00",K106<>"TERMINAL"),TEXT($F$2,"00"),TRUE,N106)} -> 00 | R106: =IF(OR(L106="25",L106="26"),TEXT(MAX(VALUE(R105),VALUE(Y105)),"00"),L106) -> 00 | S106: {=_xlfn.SWITCH(TRUE,F106="T",TEXT($F$1,"00"),AND(F106="",K106<>"TERMINAL"),"00",TRUE,TEXT(HOUR(F106),"00"))} -> 00 | T106: {=TEXT(_xlfn.SWITCH(TRUE,F106="T","00",AND(F106="",K106<>"TERMINAL"),"00",TRUE,MINUTE(F106)),"00")} -> 00 | U106: {=TEXT(_xlfn.SWITCH(TRUE,F106="T","00",AND(F106="",K106<>"TERMINAL"),"00",TRUE,SECOND(F106)),"00")} -> 00 | V106: =IF(AND(S106="00",F105<>"t",V105<>"00"),"24",S106) -> 00 | W106: {=_xlfn.SWITCH(TRUE,OR(S106=TEXT($B$1,"00"),S106=TEXT($D$1,"00")),"00",AND(T106="00",K106<>"TERMINAL"),TEXT($D$2,"00"),TRUE,T106)} -> 00 | X106: {=_xlfn.SWITCH(TRUE,OR(S106=TEXT($B$1,"00"),S106=TEXT($D$1,"00")),"00",AND(U106="00",K106<>"TERMINAL"),TEXT($F$2,"00"),TRUE,U106)} -> 00 | Y106: =IF(OR(S106="27"),S105,S106) -> 00 | Z106: =IF(OR(Y106>R106,R106>Y105),"TRUE","FALSE") -> FALSE | AA106: =IF(Z106="TRUE",O106&P106&Q106,IF(OR(L106="25",L106="26"),O106&P106&Q106,"00"&P106&Q106)) -> 000000 | AB106: =IF(Z106="TRUE",V106&W106&X106,IF(S106="27",V106&W106&X106,"00"&W106&X106)) -> 000000 | AC106: {=TEXT($D106,"000")&TEXT(IFERROR(INDEX($D$5:$D$103,_xlfn.AGGREGATE(15,6,ROW($E$5:$E$103)/(($E$5:$E$103<>"p")*($E$5:$E$103<>"t")*(ROW($E$5:$E$103)>ROW($E106))),1)-ROW($E$5)+1),$D106),"000")} -> 000000 | AD106: {=TEXT(_xlfn.XLOOKUP(TRUE, AA$103:AA107<>"250000", AA$103:AA107, "未找到"),"000000")} -> 000000 | AE106: {=_xlfn.SWITCH(TRUE,J106<>"",TEXT(J106,"MMSS"),TRUE,IFERROR(TEXT(E107-F106,"MMSS"),"0000"))} -> 0000
K107: =IF(E106="着(hh:mm:ss)","start",IF(E107="p","pass",IF(OR(F107="t",K106="terminal"),"terminal","stop"))) -> terminal | L107: {=TEXT(_xlfn.SWITCH(TRUE,E107="P",$B$1,AND(E107="",K107<>"TERMINAL"),$D$1,TRUE,HOUR(E107)),"00")} -> 00 | M107: {=TEXT(_xlfn.SWITCH(TRUE,E107="P","00",AND(E107="",K107<>"TERMINAL"),"00",TRUE,MINUTE(E107)),"00")} -> 00 | N107: {=TEXT(_xlfn.SWITCH(TRUE,E107="P","00",AND(E107="",K107<>"TERMINAL"),"00",TRUE,SECOND(E107)),"00")} -> 00 | O107: {=_xlfn.SWITCH(TRUE,AND(L107="00",K107<>"TERMINAL"),TEXT($B$2,"00"),L107=TEXT($B$1,"00"),TEXT($B$1,"00"),L107=TEXT($D$1,"00"),TEXT($D$1,"00"),TRUE,+L107)} -> 00 | P107: {=_xlfn.SWITCH(TRUE,OR(L107=TEXT($B$1,"00"),L107=TEXT($D$1,"00")),"00",AND(M107="00",K107<>"TERMINAL"),TEXT($D$2,"00"),TRUE,M107)} -> 00 | Q107: {=_xlfn.SWITCH(TRUE,OR(L107=TEXT($B$1,"00"),L107=TEXT($D$1,"00")),"00",AND(N107="00",K107<>"TERMINAL"),TEXT($F$2,"00"),TRUE,N107)} -> 00 | R107: =IF(OR(L107="25",L107="26"),TEXT(MAX(VALUE(R106),VALUE(Y106)),"00"),L107) -> 00 | S107: {=_xlfn.SWITCH(TRUE,F107="T",TEXT($F$1,"00"),AND(F107="",K107<>"TERMINAL"),"00",TRUE,TEXT(HOUR(F107),"00"))} -> 00 | T107: {=TEXT(_xlfn.SWITCH(TRUE,F107="T","00",AND(F107="",K107<>"TERMINAL"),"00",TRUE,MINUTE(F107)),"00")} -> 00 | U107: {=TEXT(_xlfn.SWITCH(TRUE,F107="T","00",AND(F107="",K107<>"TERMINAL"),"00",TRUE,SECOND(F107)),"00")} -> 00 | V107: =IF(AND(S107="00",F106<>"t",V106<>"00"),"24",S107) -> 00 | W107: {=_xlfn.SWITCH(TRUE,OR(S107=TEXT($B$1,"00"),S107=TEXT($D$1,"00")),"00",AND(T107="00",K107<>"TERMINAL"),TEXT($D$2,"00"),TRUE,T107)} -> 00 | X107: {=_xlfn.SWITCH(TRUE,OR(S107=TEXT($B$1,"00"),S107=TEXT($D$1,"00")),"00",AND(U107="00",K107<>"TERMINAL"),TEXT($F$2,"00"),TRUE,U107)} -> 00 | Y107: =IF(OR(S107="27"),S106,S107) -> 00 | Z107: =IF(OR(Y107>R107,R107>Y106),"TRUE","FALSE") -> FALSE | AA107: =IF(Z107="TRUE",O107&P107&Q107,IF(OR(L107="25",L107="26"),O107&P107&Q107,"00"&P107&Q107)) -> 000000 | AB107: =IF(Z107="TRUE",V107&W107&X107,IF(S107="27",V107&W107&X107,"00"&W107&X107)) -> 000000 | AC107: {=TEXT($D107,"000")&TEXT(IFERROR(INDEX($D$5:$D$103,_xlfn.AGGREGATE(15,6,ROW($E$5:$E$103)/(($E$5:$E$103<>"p")*($E$5:$E$103<>"t")*(ROW($E$5:$E$103)>ROW($E107))),1)-ROW($E$5)+1),$D107),"000")} -> 000000 | AD107: {=TEXT(_xlfn.XLOOKUP(TRUE, AA$103:AA108<>"250000", AA$103:AA108, "未找到"),"000000")} -> 000000 | AE107: {=_xlfn.SWITCH(TRUE,J107<>"",TEXT(J107,"MMSS"),TRUE,IFERROR(TEXT(E108-F107,"MMSS"),"0000"))} -> 0000
K108: =IF(E107="着(hh:mm:ss)","start",IF(E108="p","pass",IF(OR(F108="t",K107="terminal"),"terminal","stop"))) -> terminal | L108: {=TEXT(_xlfn.SWITCH(TRUE,E108="P",$B$1,AND(E108="",K108<>"TERMINAL"),$D$1,TRUE,HOUR(E108)),"00")} -> 00 | M108: {=TEXT(_xlfn.SWITCH(TRUE,E108="P","00",AND(E108="",K108<>"TERMINAL"),"00",TRUE,MINUTE(E108)),"00")} -> 00 | N108: {=TEXT(_xlfn.SWITCH(TRUE,E108="P","00",AND(E108="",K108<>"TERMINAL"),"00",TRUE,SECOND(E108)),"00")} -> 00 | O108: {=_xlfn.SWITCH(TRUE,AND(L108="00",K108<>"TERMINAL"),TEXT($B$2,"00"),L108=TEXT($B$1,"00"),TEXT($B$1,"00"),L108=TEXT($D$1,"00"),TEXT($D$1,"00"),TRUE,+L108)} -> 00 | P108: {=_xlfn.SWITCH(TRUE,OR(L108=TEXT($B$1,"00"),L108=TEXT($D$1,"00")),"00",AND(M108="00",K108<>"TERMINAL"),TEXT($D$2,"00"),TRUE,M108)} -> 00 | Q108: {=_xlfn.SWITCH(TRUE,OR(L108=TEXT($B$1,"00"),L108=TEXT($D$1,"00")),"00",AND(N108="00",K108<>"TERMINAL"),TEXT($F$2,"00"),TRUE,N108)} -> 00 | R108: =IF(OR(L108="25",L108="26"),TEXT(MAX(VALUE(R107),VALUE(Y107)),"00"),L108) -> 00 | S108: {=_xlfn.SWITCH(TRUE,F108="T",TEXT($F$1,"00"),AND(F108="",K108<>"TERMINAL"),"00",TRUE,TEXT(HOUR(F108),"00"))} -> 00 | T108: {=TEXT(_xlfn.SWITCH(TRUE,F108="T","00",AND(F108="",K108<>"TERMINAL"),"00",TRUE,MINUTE(F108)),"00")} -> 00 | U108: {=TEXT(_xlfn.SWITCH(TRUE,F108="T","00",AND(F108="",K108<>"TERMINAL"),"00",TRUE,SECOND(F108)),"00")} -> 00 | V108: =IF(AND(S108="00",F107<>"t",V107<>"00"),"24",S108) -> 00 | W108: {=_xlfn.SWITCH(TRUE,OR(S108=TEXT($B$1,"00"),S108=TEXT($D$1,"00")),"00",AND(T108="00",K108<>"TERMINAL"),TEXT($D$2,"00"),TRUE,T108)} -> 00 | X108: {=_xlfn.SWITCH(TRUE,OR(S108=TEXT($B$1,"00"),S108=TEXT($D$1,"00")),"00",AND(U108="00",K108<>"TERMINAL"),TEXT($F$2,"00"),TRUE,U108)} -> 00 | Y108: =IF(OR(S108="27"),S107,S108) -> 00 | Z108: =IF(OR(Y108>R108,R108>Y107),"TRUE","FALSE") -> FALSE | AA108: =IF(Z108="TRUE",O108&P108&Q108,IF(OR(L108="25",L108="26"),O108&P108&Q108,"00"&P108&Q108)) -> 000000 | AB108: =IF(Z108="TRUE",V108&W108&X108,IF(S108="27",V108&W108&X108,"00"&W108&X108)) -> 000000 | AC108: {=TEXT($D108,"000")&TEXT(IFERROR(INDEX($D$5:$D$103,_xlfn.AGGREGATE(15,6,ROW($E$5:$E$103)/(($E$5:$E$103<>"p")*($E$5:$E$103<>"t")*(ROW($E$5:$E$103)>ROW($E108))),1)-ROW($E$5)+1),$D108),"000")} -> 000000 | AD108: {=TEXT(_xlfn.XLOOKUP(TRUE, AA$103:AA109<>"250000", AA$103:AA109, "未找到"),"000000")} -> 000000 | AE108: {=_xlfn.SWITCH(TRUE,J108<>"",TEXT(J108,"MMSS"),TRUE,IFERROR(TEXT(E109-F108,"MMSS"),"0000"))} -> 0000
K109: =IF(E108="着(hh:mm:ss)","start",IF(E109="p","pass",IF(OR(F109="t",K108="terminal"),"terminal","stop"))) -> terminal | L109: {=TEXT(_xlfn.SWITCH(TRUE,E109="P",$B$1,AND(E109="",K109<>"TERMINAL"),$D$1,TRUE,HOUR(E109)),"00")} -> 00 | M109: {=TEXT(_xlfn.SWITCH(TRUE,E109="P","00",AND(E109="",K109<>"TERMINAL"),"00",TRUE,MINUTE(E109)),"00")} -> 00 | N109: {=TEXT(_xlfn.SWITCH(TRUE,E109="P","00",AND(E109="",K109<>"TERMINAL"),"00",TRUE,SECOND(E109)),"00")} -> 00 | O109: {=_xlfn.SWITCH(TRUE,AND(L109="00",K109<>"TERMINAL"),TEXT($B$2,"00"),L109=TEXT($B$1,"00"),TEXT($B$1,"00"),L109=TEXT($D$1,"00"),TEXT($D$1,"00"),TRUE,+L109)} -> 00 | P109: {=_xlfn.SWITCH(TRUE,OR(L109=TEXT($B$1,"00"),L109=TEXT($D$1,"00")),"00",AND(M109="00",K109<>"TERMINAL"),TEXT($D$2,"00"),TRUE,M109)} -> 00 | Q109: {=_xlfn.SWITCH(TRUE,OR(L109=TEXT($B$1,"00"),L109=TEXT($D$1,"00")),"00",AND(N109="00",K109<>"TERMINAL"),TEXT($F$2,"00"),TRUE,N109)} -> 00 | R109: =IF(OR(L109="25",L109="26"),TEXT(MAX(VALUE(R108),VALUE(Y108)),"00"),L109) -> 00 | S109: {=_xlfn.SWITCH(TRUE,F109="T",TEXT($F$1,"00"),AND(F109="",K109<>"TERMINAL"),"00",TRUE,TEXT(HOUR(F109),"00"))} -> 00 | T109: {=TEXT(_xlfn.SWITCH(TRUE,F109="T","00",AND(F109="",K109<>"TERMINAL"),"00",TRUE,MINUTE(F109)),"00")} -> 00 | U109: {=TEXT(_xlfn.SWITCH(TRUE,F109="T","00",AND(F109="",K109<>"TERMINAL"),"00",TRUE,SECOND(F109)),"00")} -> 00 | V109: =IF(AND(S109="00",F108<>"t",V108<>"00"),"24",S109) -> 00 | W109: {=_xlfn.SWITCH(TRUE,OR(S109=TEXT($B$1,"00"),S109=TEXT($D$1,"00")),"00",AND(T109="00",K109<>"TERMINAL"),TEXT($D$2,"00"),TRUE,T109)} -> 00 | X109: {=_xlfn.SWITCH(TRUE,OR(S109=TEXT($B$1,"00"),S109=TEXT($D$1,"00")),"00",AND(U109="00",K109<>"TERMINAL"),TEXT($F$2,"00"),TRUE,U109)} -> 00 | Y109: =IF(OR(S109="27"),S108,S109) -> 00 | Z109: =IF(OR(Y109>R109,R109>Y108),"TRUE","FALSE") -> FALSE | AA109: =IF(Z109="TRUE",O109&P109&Q109,IF(OR(L109="25",L109="26"),O109&P109&Q109,"00"&P109&Q109)) -> 000000 | AB109: =IF(Z109="TRUE",V109&W109&X109,IF(S109="27",V109&W109&X109,"00"&W109&X109)) -> 000000 | AC109: {=TEXT($D109,"000")&TEXT(IFERROR(INDEX($D$5:$D$103,_xlfn.AGGREGATE(15,6,ROW($E$5:$E$103)/(($E$5:$E$103<>"p")*($E$5:$E$103<>"t")*(ROW($E$5:$E$103)>ROW($E109))),1)-ROW($E$5)+1),$D109),"000")} -> 000000 | AD109: {=TEXT(_xlfn.XLOOKUP(TRUE, AA$103:AA110<>"250000", AA$103:AA110, "未找到"),"000000")} -> 000000 | AE109: {=_xlfn.SWITCH(TRUE,J109<>"",TEXT(J109,"MMSS"),TRUE,IFERROR(TEXT(E110-F109,"MMSS"),"0000"))} -> 0000
K110: =IF(E109="着(hh:mm:ss)","start",IF(E110="p","pass",IF(OR(F110="t",K109="terminal"),"terminal","stop"))) -> terminal | L110: {=TEXT(_xlfn.SWITCH(TRUE,E110="P",$B$1,AND(E110="",K110<>"TERMINAL"),$D$1,TRUE,HOUR(E110)),"00")} -> 00 | M110: {=TEXT(_xlfn.SWITCH(TRUE,E110="P","00",AND(E110="",K110<>"TERMINAL"),"00",TRUE,MINUTE(E110)),"00")} -> 00 | N110: {=TEXT(_xlfn.SWITCH(TRUE,E110="P","00",AND(E110="",K110<>"TERMINAL"),"00",TRUE,SECOND(E110)),"00")} -> 00 | O110: {=_xlfn.SWITCH(TRUE,AND(L110="00",K110<>"TERMINAL"),TEXT($B$2,"00"),L110=TEXT($B$1,"00"),TEXT($B$1,"00"),L110=TEXT($D$1,"00"),TEXT($D$1,"00"),TRUE,+L110)} -> 00 | P110: {=_xlfn.SWITCH(TRUE,OR(L110=TEXT($B$1,"00"),L110=TEXT($D$1,"00")),"00",AND(M110="00",K110<>"TERMINAL"),TEXT($D$2,"00"),TRUE,M110)} -> 00 | Q110: {=_xlfn.SWITCH(TRUE,OR(L110=TEXT($B$1,"00"),L110=TEXT($D$1,"00")),"00",AND(N110="00",K110<>"TERMINAL"),TEXT($F$2,"00"),TRUE,N110)} -> 00 | R110: =IF(OR(L110="25",L110="26"),TEXT(MAX(VALUE(R109),VALUE(Y109)),"00"),L110) -> 00 | S110: {=_xlfn.SWITCH(TRUE,F110="T",TEXT($F$1,"00"),AND(F110="",K110<>"TERMINAL"),"00",TRUE,TEXT(HOUR(F110),"00"))} -> 00 | T110: {=TEXT(_xlfn.SWITCH(TRUE,F110="T","00",AND(F110="",K110<>"TERMINAL"),"00",TRUE,MINUTE(F110)),"00")} -> 00 | U110: {=TEXT(_xlfn.SWITCH(TRUE,F110="T","00",AND(F110="",K110<>"TERMINAL"),"00",TRUE,SECOND(F110)),"00")} -> 00 | V110: =IF(AND(S110="00",F109<>"t",V109<>"00"),"24",S110) -> 00 | W110: {=_xlfn.SWITCH(TRUE,OR(S110=TEXT($B$1,"00"),S110=TEXT($D$1,"00")),"00",AND(T110="00",K110<>"TERMINAL"),TEXT($D$2,"00"),TRUE,T110)} -> 00 | X110: {=_xlfn.SWITCH(TRUE,OR(S110=TEXT($B$1,"00"),S110=TEXT($D$1,"00")),"00",AND(U110="00",K110<>"TERMINAL"),TEXT($F$2,"00"),TRUE,U110)} -> 00 | Y110: =IF(OR(S110="27"),S109,S110) -> 00 | Z110: =IF(OR(Y110>R110,R110>Y109),"TRUE","FALSE") -> FALSE | AA110: =IF(Z110="TRUE",O110&P110&Q110,IF(OR(L110="25",L110="26"),O110&P110&Q110,"00"&P110&Q110)) -> 000000 | AB110: =IF(Z110="TRUE",V110&W110&X110,IF(S110="27",V110&W110&X110,"00"&W110&X110)) -> 000000 | AC110: {=TEXT($D110,"000")&TEXT(IFERROR(INDEX($D$5:$D$103,_xlfn.AGGREGATE(15,6,ROW($E$5:$E$103)/(($E$5:$E$103<>"p")*($E$5:$E$103<>"t")*(ROW($E$5:$E$103)>ROW($E110))),1)-ROW($E$5)+1),$D110),"000")} -> 000000 | AD110: {=TEXT(_xlfn.XLOOKUP(TRUE, AA$103:AA111<>"250000", AA$103:AA111, "未找到"),"000000")} -> 000000 | AE110: {=_xlfn.SWITCH(TRUE,J110<>"",TEXT(J110,"MMSS"),TRUE,IFERROR(TEXT(E111-F110,"MMSS"),"0000"))} -> 0000

Sheet E電入力
A1: 通過mmss | B1: 6200 | C1: 停車mmss | D1: 0 | E1: TIMS表示段目 | F1: 5 | Q1: Beacon Index | R1: 110 | X1: 111 | AD1: 112 | AJ1: 106 | AK1: 30 | AL1: 105 | AM1: 113 | AS1: 117 | AW1: 134 | AX1: 132 | AY1: 129 | AZ1: 130 | BA1: 133 | BB1: 131 | BC1: - | BD1: 128
A2: 00時画像番号 | B2: 24 | C2: 00分画像番号 | D2: 60 | E2: 00秒画像番号 | F2: 60 | R2: 駅番 | X2: 着仕業mmss | AD2: 発(通)仕業mmss | AJ2: 次駅設定 | AK2: 停通防止 | AL2: 次駅接近 | AM2: 到着番線 | AS2: 行路表矢印 | AW2: 次採時駅名 | AX2: 次採時駅番線 | AY2: 次採時駅着 | AZ2: 次採時駅発 | BA2: 直前採時駅名 | BB2: 直前採時駅番線 | BC2: 直前採時駅hh | BD2: 直前採時駅発
A3: ナンバー | B3: 駅名 | C3: 駅キロ | D3: 駅番号 | E3: 着(hh:mm:ss) | F3: 発(通)(hh:mm:ss) | G3: 駅番線 | H3: 到着仕業番号 | I3: 出発仕業番号 | J3: 採時駅？（1：採時 0&空白：非採時） | K3: 停車？ | L3: 着mmss | M3: 発(通)mmss | N3: 着mm | O3: 着ss | P3: 発(通)mm | Q3: 発(通)ss | R3: I | S3: II | T3: III | U3: IV | V3: V | W3: VI | X3: I | Y3: II | Z3: III | AA3: IV | AB3: V | AC3: VI | AD3: I | AE3: II | AF3: III | AG3: IV | AH3: V | AI3: VI | AJ3: - | AK3: - | AL3: - | AM3: I | AN3: II | AO3: III | AP3: IV | AQ3: V | AR3: VI | AS3: I-II | AT3: II-III | AU3: III-IV | AV3: IV-V | AW3: - | AX3: - | AY3: - | AZ3: - | BA3: - | BB3: - | BC3: - | BD3: -
A4: 1 | B4: 高尾 | C4: 168950 | D4: 58 | E4: 0.46597222 | F4: 0.46666667 | G4: 3 | J4: =IF(F4<>"",1,0) -> 1 | K4: =IF(E3="着(hh:mm:ss)","start",IF(E4="p","pass",IF(OR(F4="t",K3="terminal"),"terminal","stop"))) -> start | L4: {=_xlfn.SWITCH(TRUE,$K4="PASS",TEXT($B$1,"0000"),AND($K4="STOP",E4=""),TEXT($D$1,"0000"),$K3="TERMINAL","0000",TRUE,TEXT(E4,"MMSS"))} -> 1100 | M4: {=_xlfn.SWITCH(TRUE,$K4="PASS",TEXT($B$1,"0000"),AND($K4="STOP",F4=""),TEXT($D$1,"0000"),$K4="TERMINAL","0000",TRUE,TEXT(F4,"MMSS"))} -> 1200 | N4: {=_xlfn.SWITCH(TRUE,AND(LEFT(L4,2)="00",K4="TERMINAL"),"00",E4="",TEXT(LEFT($D$1,2),"00"),LEFT(L4,2)="00",$D$2&"",TRUE,LEFT(L4,2))} -> 11 | O4: {=_xlfn.SWITCH(TRUE,AND(N4="00",RIGHT(L4,2)="00",K4="TERMINAL"),"00",OR(E4="",N4=LEFT($B$1,2)),TEXT(RIGHT($D$1,2),"00"),RIGHT(L4,2)="00",$D$2&"",TRUE,RIGHT(L4,2))} -> 60 | P4: {=_xlfn.SWITCH(TRUE,AND(LEFT(M4,2)="00",K4="TERMINAL"),"00",F4="",TEXT(LEFT($D$1,2),"00"),LEFT(M4,2)="00",$D$2&"",TRUE,LEFT(M4,2))} -> 12 | Q4: {=_xlfn.SWITCH(TRUE,AND(RIGHT(M4,2)="00",K4="TERMINAL"),"00",F4="",TEXT(RIGHT($D$1,2),"00"),RIGHT(M4,2)="00",$D$2&"",TRUE,RIGHT(M4,2))} -> 60 | R4: {=IF(INDIRECT("$D"&(ROW(R4)+$F$1-1))=0,R2,$D4)} -> 58 | S4: {=IF(INDIRECT("$D"&(ROW(R4)+$F$1-1))=0,S2,$D5)} -> 57 | T4: {=IF(INDIRECT("$D"&(ROW(R4)+$F$1-1))=0,T2,$D6)} -> 56 | U4: {=IF(INDIRECT("$D"&(ROW(R4)+$F$1-1))=0,U2,$D7)} -> 55 | V4: {=IF(INDIRECT("$D"&(ROW(R4)+$F$1-1))=0,V2,$D8)} -> 54 | W4: {=IF(INDIRECT("$D"&(ROW(R4)+$F$1-1))=0,W2,$D9)} -> 53 | X4: {=IF(INDIRECT("$D"&(ROW(R4)+$F$1-1))=0,X2,$H4&$N4&$O4)} -> 1160 | Y4: {=IF(INDIRECT("$D"&(ROW(R4)+$F$1-1))=0,Y3,H5&$N5&$O5)} -> 0000 | Z4: {=IF(INDIRECT("$D"&(ROW(R4)+$F$1-1))=0,Z3,H6&$N6&$O6)} -> 1815 | AA4: {=IF(INDIRECT("$D"&(ROW(R4)+$F$1-1))=0,AA3,H7&$N7&$O7)} -> 2215 | AB4: {=IF(INDIRECT("$D"&(ROW(R4)+$F$1-1))=0,AB3,H8&$N8&$O8)} -> 0000 | AC4: {=IF(INDIRECT("$D"&(ROW(R4)+$F$1-1))=0,AC3,H9&$N9&$O9)} -> 2860 | AD4: {=IF(INDIRECT("$D"&(ROW(R4)+$F$1-1))=0,AD3,I4&$P4&$Q4)} -> 1260 | AE4: {=IF(INDIRECT("$D"&(ROW(R4)+$F$1-1))=0,AE3,I5&$P5&$Q5)} -> 0000 | AF4: {=IF(INDIRECT("$D"&(ROW(R4)+$F$1-1))=0,AF3,I6&$P6&$Q6)} -> 1845 | AG4: {=IF(INDIRECT("$D"&(ROW(R4)+$F$1-1))=0,AG3,I7&$P7&$Q7)} -> 2245 | AH4: {=IF(INDIRECT("$D"&(ROW(R4)+$F$1-1))=0,AH3,I8&$P8&$Q8)} -> 0000 | AI4: {=IF(INDIRECT("$D"&(ROW(R4)+$F$1-1))=0,AI3,I9&$P9&$Q9)} -> 2830 | AJ4: {=TEXT($D4,"000")&TEXT(IFERROR(INDEX($D$5:$D$103,_xlfn.AGGREGATE(15,6,ROW($E$5:$E$103)/(($E$5:$E$103<>"p")*($E$5:$E$103<>"t")*(ROW($E$5:$E$103)>ROW($E4))),1)-ROW($E$5)+1),$D4),"000")} -> 058057 | AK4: =IF(K4="PASS",-1,500) -> 500 | AL4: {=IF(INDIRECT("$K"&(ROW(R4)+$F$1-1))="TERMINAL",1000489,489)*SIGN(AK4)} -> 489 | AM4: {=IF(INDIRECT("$D"&(ROW(R4)+$F$1-1))=0,AM1,$G4)} -> 3 | AN4: {=IF(INDIRECT("$D"&(ROW(R4)+$F$1-1))=0,AN1,$G5)} -> 0 | AO4: {=IF(INDIRECT("$D"&(ROW(R4)+$F$1-1))=0,AO1,$G6)} -> 2 | AP4: {=IF(INDIRECT("$D"&(ROW(R4)+$F$1-1))=0,AP1,$G7)} -> 4 | AQ4: {=IF(INDIRECT("$D"&(ROW(R4)+$F$1-1))=0,AQ1,$G8)} -> 0 | AR4: {=IF(INDIRECT("$D"&(ROW(R4)+$F$1-1))=0,AR1,$G9)} -> 3 | AS4: {=IF(INDIRECT("$D"&(ROW(AS4)+$F$1-1))=0,AS3+4,1)} -> 1 | AT4: {=IF(INDIRECT("$D"&(ROW(AT4)+$F$1-1))=0,AT3+4,2)} -> 2 | AU4: {=IF(INDIRECT("$D"&(ROW(AU4)+$F$1-1))=0,AU3+4,3)} -> 3 | AV4: {=IF(INDIRECT("$D"&(ROW(AV4)+$F$1-1))=0,AV3+4,4)} -> 4 | AW4: {=_xlfn.XLOOKUP(1,INDIRECT("J"&ROW(K4)+$F$1):J$103,INDIRECT("D"&ROW(K4)+$F$1):D$103,0,0,1)} -> 53 | AX4: =_xlfn.XLOOKUP($AW4,$D$4:$D$103,G$4:G$103,0,0,1) -> 3 | AY4: {=_xlfn.XLOOKUP(AW4,D$4:D$110,H$4:H$110&N$4:N$110&O$4:O$110,0,0,1)} -> 2860 | AZ4: {=_xlfn.XLOOKUP(AW4,D$4:D$110,I$4:I$110&P$4:P$110&Q$4:Q$110,0,0,1)} -> 2830 | BA4: {=_xlfn.XLOOKUP(1,J3:J$4,D3:D$4,0,0,-1)} -> 58 | BB4: =_xlfn.XLOOKUP(BA4,D$4:D$103,G$4:G$103,0,0,1) -> 3 | BC4: {=_xlfn.SWITCH(TRUE,_xlfn.XLOOKUP(BA4,D$4:D$110,TEXT(F$4:F$110,"HH"),0,0,1)="00",B2&"",_xlfn.XLOOKUP(BA4,D$4:D$110,TEXT(F$4:F$110,"HH"),0,0,1)="T","00",TRUE,_xlfn.XLOOKUP(BA4,D$4:D$110,TEXT(F$4:F$110,"HH"),0,0,1))} -> 11 | BD4: =BC4&_xlfn.XLOOKUP(BA4,D$4:D$110,P$4:P$110,"00",0,1)&_xlfn.XLOOKUP(BA4,D$4:D$110,Q$4:Q$110,"00",0,1) -> 111260
A5: 2 | B5: 西八王子 | C5: 172525 | D5: 57 | J5: =IF(F5<>"",1,0) -> 0 | K5: =IF(E4="着(hh:mm:ss)","start",IF(E5="p","pass",IF(OR(F5="t",K4="terminal"),"terminal","stop"))) -> stop | L5: {=_xlfn.SWITCH(TRUE,$K5="PASS",TEXT($B$1,"0000"),AND($K5="STOP",E5=""),TEXT($D$1,"0000"),$K4="TERMINAL","0000",TRUE,TEXT(E5,"MMSS"))} -> 0000 | M5: {=_xlfn.SWITCH(TRUE,$K5="PASS",TEXT($B$1,"0000"),AND($K5="STOP",F5=""),TEXT($D$1,"0000"),$K5="TERMINAL","0000",TRUE,TEXT(F5,"MMSS"))} -> 0000 | N5: {=_xlfn.SWITCH(TRUE,AND(LEFT(L5,2)="00",K5="TERMINAL"),"00",E5="",TEXT(LEFT($D$1,2),"00"),LEFT(L5,2)="00",$D$2&"",TRUE,LEFT(L5,2))} -> 00 | O5: {=_xlfn.SWITCH(TRUE,AND(N5="00",RIGHT(L5,2)="00",K5="TERMINAL"),"00",OR(E5="",N5=LEFT($B$1,2)),TEXT(RIGHT($D$1,2),"00"),RIGHT(L5,2)="00",$D$2&"",TRUE,RIGHT(L5,2))} -> 00 | P5: {=_xlfn.SWITCH(TRUE,AND(LEFT(M5,2)="00",K5="TERMINAL"),"00",F5="",TEXT(LEFT($D$1,2),"00"),LEFT(M5,2)="00",$D$2&"",TRUE,LEFT(M5,2))} -> 00 | Q5: {=_xlfn.SWITCH(TRUE,AND(RIGHT(M5,2)="00",K5="TERMINAL"),"00",F5="",TEXT(RIGHT($D$1,2),"00"),RIGHT(M5,2)="00",$D$2&"",TRUE,RIGHT(M5,2))} -> 00 | R5: {=IF(INDIRECT("$D"&(ROW(R5)+$F$1-1))=0,R4,$D5)} -> 57 | S5: {=IF(INDIRECT("$D"&(ROW(R5)+$F$1-1))=0,S4,$D6)} -> 56 | T5: {=IF(INDIRECT("$D"&(ROW(R5)+$F$1-1))=0,T4,$D7)} -> 55 | U5: {=IF(INDIRECT("$D"&(ROW(R5)+$F$1-1))=0,U4,$D8)} -> 54 | V5: {=IF(INDIRECT("$D"&(ROW(R5)+$F$1-1))=0,V4,$D9)} -> 53 | W5: {=IF(INDIRECT("$D"&(ROW(R5)+$F$1-1))=0,W4,$D10)} -> 52 | X5: {=IF(INDIRECT("$D"&(ROW(R5)+$F$1-1))=0,X3,$H5&$N5&$O5)} -> 0000 | Y5: {=IF(INDIRECT("$D"&(ROW(R5)+$F$1-1))=0,Y4,H6&$N6&$O6)} -> 1815 | Z5: {=IF(INDIRECT("$D"&(ROW(R5)+$F$1-1))=0,Z4,H7&$N7&$O7)} -> 2215 | AA5: {=IF(INDIRECT("$D"&(ROW(R5)+$F$1-1))=0,AA4,H8&$N8&$O8)} -> 0000 | AB5: {=IF(INDIRECT("$D"&(ROW(R5)+$F$1-1))=0,AB4,H9&$N9&$O9)} -> 2860 | AC5: {=IF(INDIRECT("$D"&(ROW(R5)+$F$1-1))=0,AC4,H10&$N10&$O10)} -> 6200 | AD5: {=IF(INDIRECT("$D"&(ROW(R5)+$F$1-1))=0,AD4,I5&$P5&$Q5)} -> 0000 | AE5: {=IF(INDIRECT("$D"&(ROW(R5)+$F$1-1))=0,AE4,I6&$P6&$Q6)} -> 1845 | AF5: {=IF(INDIRECT("$D"&(ROW(R5)+$F$1-1))=0,AF4,I7&$P7&$Q7)} -> 2245 | AG5: {=IF(INDIRECT("$D"&(ROW(R5)+$F$1-1))=0,AG4,I8&$P8&$Q8)} -> 0000 | AH5: {=IF(INDIRECT("$D"&(ROW(R5)+$F$1-1))=0,AH4,I9&$P9&$Q9)} -> 2830 | AI5: {=IF(INDIRECT("$D"&(ROW(R5)+$F$1-1))=0,AI4,I10&$P10&$Q10)} -> 0000 | AJ5: {=TEXT($D5,"000")&TEXT(IFERROR(INDEX($D$5:$D$103,_xlfn.AGGREGATE(15,6,ROW($E$5:$E$103)/(($E$5:$E$103<>"p")*($E$5:$E$103<>"t")*(ROW($E$5:$E$103)>ROW($E5))),1)-ROW($E$5)+1),$D5),"000")} -> 057056 | AK5: =IF(K5="PASS",-1,500) -> 500 | AL5: {=IF(INDIRECT("$K"&(ROW(R5)+$F$1-1))="TERMINAL",1000489,489)*SIGN(AK5)} -> 489 | AM5: {=IF(INDIRECT("$D"&(ROW(R5)+$F$1-1))=0,AM4,$G5)} -> 0 | AN5: {=IF(INDIRECT("$D"&(ROW(R5)+$F$1-1))=0,AN4,$G6)} -> 2 | AO5: {=IF(INDIRECT("$D"&(ROW(R5)+$F$1-1))=0,AO4,$G7)} -> 4 | AP5: {=IF(INDIRECT("$D"&(ROW(R5)+$F$1-1))=0,AP4,$G8)} -> 0 | AQ5: {=IF(INDIRECT("$D"&(ROW(R5)+$F$1-1))=0,AQ4,$G9)} -> 3 | AR5: {=IF(INDIRECT("$D"&(ROW(R5)+$F$1-1))=0,AR4,$G10)} -> 3 | AS5: {=IF(INDIRECT("$D"&(ROW(AS5)+$F$1-1))=0,AS4+4,1)} -> 1 | AT5: {=IF(INDIRECT("$D"&(ROW(AT5)+$F$1-1))=0,AT4+4,2)} -> 2 | AU5: {=IF(INDIRECT("$D"&(ROW(AU5)+$F$1-1))=0,AU4+4,3)} -> 3 | AV5: {=IF(INDIRECT("$D"&(ROW(AV5)+$F$1-1))=0,AV4+4,4)} -> 4 | AW5: {=_xlfn.XLOOKUP(1,INDIRECT("J"&ROW(K5)+$F$1):J$103,INDIRECT("D"&ROW(K5)+$F$1):D$103,0,0,1)} -> 50 | AX5: =_xlfn.XLOOKUP(AW5,D$4:D$103,G$4:G$103,0,0,1) -> 3 | AY5: {=_xlfn.XLOOKUP(AW5,D$4:D$110,H$4:H$110&N$4:N$110&O$4:O$110,0,0,1)} -> 3315 | AZ5: {=_xlfn.XLOOKUP(AW5,D$4:D$110,I$4:I$110&P$4:P$110&Q$4:Q$110,0,0,1)} -> 3345 | BA5: {=_xlfn.XLOOKUP(1,J$4:J4,D$4:D4,0,0,-1)} -> 58 | BB5: =_xlfn.XLOOKUP(BA5,D$4:D$103,G$4:G$103,0,0,1) -> 3 | BC5: {=_xlfn.SWITCH(TRUE,_xlfn.XLOOKUP(BA5,D$4:D$110,TEXT(F$4:F$110,"HH"),0,0,1)="00",B3&"",_xlfn.XLOOKUP(BA5,D$4:D$110,TEXT(F$4:F$110,"HH"),0,0,1)="T","00",TRUE,_xlfn.XLOOKUP(BA5,D$4:D$110,TEXT(F$4:F$110,"HH"),0,0,1))} -> 11 | BD5: =BC5&_xlfn.XLOOKUP(BA5,D$4:D$110,P$4:P$110,"00",0,1)&_xlfn.XLOOKUP(BA5,D$4:D$110,Q$4:Q$110,"00",0,1) -> 111260
A6: 3 | B6: 八王子 | C6: 175225 | D6: 56 | E6: 0.47100694 | F6: 0.47135417 | G6: 2 | J6: =IF(F6<>"",1,0) -> 1 | K6: =IF(E5="着(hh:mm:ss)","start",IF(E6="p","pass",IF(OR(F6="t",K5="terminal"),"terminal","stop"))) -> stop | L6: {=_xlfn.SWITCH(TRUE,$K6="PASS",TEXT($B$1,"0000"),AND($K6="STOP",E6=""),TEXT($D$1,"0000"),$K5="TERMINAL","0000",TRUE,TEXT(E6,"MMSS"))} -> 1815 | M6: {=_xlfn.SWITCH(TRUE,$K6="PASS",TEXT($B$1,"0000"),AND($K6="STOP",F6=""),TEXT($D$1,"0000"),$K6="TERMINAL","0000",TRUE,TEXT(F6,"MMSS"))} -> 1845 | N6: {=_xlfn.SWITCH(TRUE,AND(LEFT(L6,2)="00",K6="TERMINAL"),"00",E6="",TEXT(LEFT($D$1,2),"00"),LEFT(L6,2)="00",$D$2&"",TRUE,LEFT(L6,2))} -> 18 | O6: {=_xlfn.SWITCH(TRUE,AND(N6="00",RIGHT(L6,2)="00",K6="TERMINAL"),"00",OR(E6="",N6=LEFT($B$1,2)),TEXT(RIGHT($D$1,2),"00"),RIGHT(L6,2)="00",$D$2&"",TRUE,RIGHT(L6,2))} -> 15 | P6: {=_xlfn.SWITCH(TRUE,AND(LEFT(M6,2)="00",K6="TERMINAL"),"00",F6="",TEXT(LEFT($D$1,2),"00"),LEFT(M6,2)="00",$D$2&"",TRUE,LEFT(M6,2))} -> 18 | Q6: {=_xlfn.SWITCH(TRUE,AND(RIGHT(M6,2)="00",K6="TERMINAL"),"00",F6="",TEXT(RIGHT($D$1,2),"00"),RIGHT(M6,2)="00",$D$2&"",TRUE,RIGHT(M6,2))} -> 45 | R6: {=IF(INDIRECT("$D"&(ROW(R6)+$F$1-1))=0,R5,$D6)} -> 56 | S6: {=IF(INDIRECT("$D"&(ROW(R6)+$F$1-1))=0,S5,$D7)} -> 55 | T6: {=IF(INDIRECT("$D"&(ROW(R6)+$F$1-1))=0,T5,$D8)} -> 54 | U6: {=IF(INDIRECT("$D"&(ROW(R6)+$F$1-1))=0,U5,$D9)} -> 53 | V6: {=IF(INDIRECT("$D"&(ROW(R6)+$F$1-1))=0,V5,$D10)} -> 52 | W6: {=IF(INDIRECT("$D"&(ROW(R6)+$F$1-1))=0,W5,$D11)} -> 51 | X6: {=IF(INDIRECT("$D"&(ROW(R6)+$F$1-1))=0,X4,$H6&$N6&$O6)} -> 1815 | Y6: {=IF(INDIRECT("$D"&(ROW(R6)+$F$1-1))=0,Y5,H7&$N7&$O7)} -> 2215 | Z6: {=IF(INDIRECT("$D"&(ROW(R6)+$F$1-1))=0,Z5,H8&$N8&$O8)} -> 0000 | AA6: {=IF(INDIRECT("$D"&(ROW(R6)+$F$1-1))=0,AA5,H9&$N9&$O9)} -> 2860 | AB6: {=IF(INDIRECT("$D"&(ROW(R6)+$F$1-1))=0,AB5,H10&$N10&$O10)} -> 6200 | AC6: {=IF(INDIRECT("$D"&(ROW(R6)+$F$1-1))=0,AC5,H11&$N11&$O11)} -> 6200 | AD6: {=IF(INDIRECT("$D"&(ROW(R6)+$F$1-1))=0,AD5,I6&$P6&$Q6)} -> 1845 | AE6: {=IF(INDIRECT("$D"&(ROW(R6)+$F$1-1))=0,AE5,I7&$P7&$Q7)} -> 2245 | AF6: {=IF(INDIRECT("$D"&(ROW(R6)+$F$1-1))=0,AF5,I8&$P8&$Q8)} -> 0000 | AG6: {=IF(INDIRECT("$D"&(ROW(R6)+$F$1-1))=0,AG5,I9&$P9&$Q9)} -> 2830 | AH6: {=IF(INDIRECT("$D"&(ROW(R6)+$F$1-1))=0,AH5,I10&$P10&$Q10)} -> 0000 | AI6: {=IF(INDIRECT("$D"&(ROW(R6)+$F$1-1))=0,AI5,I11&$P11&$Q11)} -> 0000 | AJ6: {=TEXT($D6,"000")&TEXT(IFERROR(INDEX($D$5:$D$103,_xlfn.AGGREGATE(15,6,ROW($E$5:$E$103)/(($E$5:$E$103<>"p")*($E$5:$E$103<>"t")*(ROW($E$5:$E$103)>ROW($E6))),1)-ROW($E$5)+1),$D6),"000")} -> 056055 | AK6: =IF(K6="PASS",-1,500) -> 500 | AL6: {=IF(INDIRECT("$K"&(ROW(R6)+$F$1-1))="TERMINAL",1000489,489)*SIGN(AK6)} -> 489 | AM6: {=IF(INDIRECT("$D"&(ROW(R6)+$F$1-1))=0,AM5,$G6)} -> 2 | AN6: {=IF(INDIRECT("$D"&(ROW(R6)+$F$1-1))=0,AN5,$G7)} -> 4 | AO6: {=IF(INDIRECT("$D"&(ROW(R6)+$F$1-1))=0,AO5,$G8)} -> 0 | AP6: {=IF(INDIRECT("$D"&(ROW(R6)+$F$1-1))=0,AP5,$G9)} -> 3 | AQ6: {=IF(INDIRECT("$D"&(ROW(R6)+$F$1-1))=0,AQ5,$G10)} -> 3 | AR6: {=IF(INDIRECT("$D"&(ROW(R6)+$F$1-1))=0,AR5,$G11)} -> 0 | AS6: {=IF(INDIRECT("$D"&(ROW(AS6)+$F$1-1))=0,AS5+4,1)} -> 1 | AT6: {=IF(INDIRECT("$D"&(ROW(AT6)+$F$1-1))=0,AT5+4,2)} -> 2 | AU6: {=IF(INDIRECT("$D"&(ROW(AU6)+$F$1-1))=0,AU5+4,3)} -> 3 | AV6: {=IF(INDIRECT("$D"&(ROW(AV6)+$F$1-1))=0,AV5+4,4)} -> 4 | AW6: {=_xlfn.XLOOKUP(1,INDIRECT("J"&ROW(K6)+$F$1):J$103,INDIRECT("D"&ROW(K6)+$F$1):D$103,0,0,1)} -> 50 | AX6: =_xlfn.XLOOKUP(AW6,D$4:D$103,G$4:G$103,0,0,1) -> 3 | AY6: {=_xlfn.XLOOKUP(AW6,D$4:D$110,H$4:H$110&N$4:N$110&O$4:O$110,0,0,1)} -> 3315 | AZ6: {=_xlfn.XLOOKUP(AW6,D$4:D$110,I$4:I$110&P$4:P$110&Q$4:Q$110,0,0,1)} -> 3345 | BA6: {=_xlfn.XLOOKUP(1,J$4:J5,D$4:D5,0,0,-1)} -> 58 | BB6: =_xlfn.XLOOKUP(BA6,D$4:D$103,G$4:G$103,0,0,1) -> 3 | BC6: {=_xlfn.SWITCH(TRUE,_xlfn.XLOOKUP(BA6,D$4:D$110,TEXT(F$4:F$110,"HH"),0,0,1)="00",B4&"",_xlfn.XLOOKUP(BA6,D$4:D$110,TEXT(F$4:F$110,"HH"),0,0,1)="T","00",TRUE,_xlfn.XLOOKUP(BA6,D$4:D$110,TEXT(F$4:F$110,"HH"),0,0,1))} -> 11 | BD6: =BC6&_xlfn.XLOOKUP(BA6,D$4:D$110,P$4:P$110,"00",0,1)&_xlfn.XLOOKUP(BA6,D$4:D$110,Q$4:Q$110,"00",0,1) -> 111260
A7: 4 | B7: 豊田 | C7: 179525 | D7: 55 | E7: 0.47378472 | F7: 0.47413194 | G7: 4 | J7: =IF(F7<>"",1,0) -> 1 | K7: =IF(E6="着(hh:mm:ss)","start",IF(E7="p","pass",IF(OR(F7="t",K6="terminal"),"terminal","stop"))) -> stop | L7: {=_xlfn.SWITCH(TRUE,$K7="PASS",TEXT($B$1,"0000"),AND($K7="STOP",E7=""),TEXT($D$1,"0000"),$K6="TERMINAL","0000",TRUE,TEXT(E7,"MMSS"))} -> 2215 | M7: {=_xlfn.SWITCH(TRUE,$K7="PASS",TEXT($B$1,"0000"),AND($K7="STOP",F7=""),TEXT($D$1,"0000"),$K7="TERMINAL","0000",TRUE,TEXT(F7,"MMSS"))} -> 2245 | N7: {=_xlfn.SWITCH(TRUE,AND(LEFT(L7,2)="00",K7="TERMINAL"),"00",E7="",TEXT(LEFT($D$1,2),"00"),LEFT(L7,2)="00",$D$2&"",TRUE,LEFT(L7,2))} -> 22 | O7: {=_xlfn.SWITCH(TRUE,AND(N7="00",RIGHT(L7,2)="00",K7="TERMINAL"),"00",OR(E7="",N7=LEFT($B$1,2)),TEXT(RIGHT($D$1,2),"00"),RIGHT(L7,2)="00",$D$2&"",TRUE,RIGHT(L7,2))} -> 15 | P7: {=_xlfn.SWITCH(TRUE,AND(LEFT(M7,2)="00",K7="TERMINAL"),"00",F7="",TEXT(LEFT($D$1,2),"00"),LEFT(M7,2)="00",$D$2&"",TRUE,LEFT(M7,2))} -> 22 | Q7: {=_xlfn.SWITCH(TRUE,AND(RIGHT(M7,2)="00",K7="TERMINAL"),"00",F7="",TEXT(RIGHT($D$1,2),"00"),RIGHT(M7,2)="00",$D$2&"",TRUE,RIGHT(M7,2))} -> 45 | R7: {=IF(INDIRECT("$D"&(ROW(R7)+$F$1-1))=0,R6,$D7)} -> 55 | S7: {=IF(INDIRECT("$D"&(ROW(R7)+$F$1-1))=0,S6,$D8)} -> 54 | T7: {=IF(INDIRECT("$D"&(ROW(R7)+$F$1-1))=0,T6,$D9)} -> 53 | U7: {=IF(INDIRECT("$D"&(ROW(R7)+$F$1-1))=0,U6,$D10)} -> 52 | V7: {=IF(INDIRECT("$D"&(ROW(R7)+$F$1-1))=0,V6,$D11)} -> 51 | W7: {=IF(INDIRECT("$D"&(ROW(R7)+$F$1-1))=0,W6,$D12)} -> 50 | X7: {=IF(INDIRECT("$D"&(ROW(R7)+$F$1-1))=0,X5,$H7&$N7&$O7)} -> 2215 | Y7: {=IF(INDIRECT("$D"&(ROW(R7)+$F$1-1))=0,Y6,H8&$N8&$O8)} -> 0000 | Z7: {=IF(INDIRECT("$D"&(ROW(R7)+$F$1-1))=0,Z6,H9&$N9&$O9)} -> 2860 | AA7: {=IF(INDIRECT("$D"&(ROW(R7)+$F$1-1))=0,AA6,H10&$N10&$O10)} -> 6200 | AB7: {=IF(INDIRECT("$D"&(ROW(R7)+$F$1-1))=0,AB6,H11&$N11&$O11)} -> 6200 | AC7: {=IF(INDIRECT("$D"&(ROW(R7)+$F$1-1))=0,AC6,H12&$N12&$O12)} -> 3315 | AD7: {=IF(INDIRECT("$D"&(ROW(R7)+$F$1-1))=0,AD6,I7&$P7&$Q7)} -> 2245 | AE7: {=IF(INDIRECT("$D"&(ROW(R7)+$F$1-1))=0,AE6,I8&$P8&$Q8)} -> 0000 | AF7: {=IF(INDIRECT("$D"&(ROW(R7)+$F$1-1))=0,AF6,I9&$P9&$Q9)} -> 2830 | AG7: {=IF(INDIRECT("$D"&(ROW(R7)+$F$1-1))=0,AG6,I10&$P10&$Q10)} -> 0000 | AH7: {=IF(INDIRECT("$D"&(ROW(R7)+$F$1-1))=0,AH6,I11&$P11&$Q11)} -> 0000 | AI7: {=IF(INDIRECT("$D"&(ROW(R7)+$F$1-1))=0,AI6,I12&$P12&$Q12)} -> 3345 | AJ7: {=TEXT($D7,"000")&TEXT(IFERROR(INDEX($D$5:$D$103,_xlfn.AGGREGATE(15,6,ROW($E$5:$E$103)/(($E$5:$E$103<>"p")*($E$5:$E$103<>"t")*(ROW($E$5:$E$103)>ROW($E7))),1)-ROW($E$5)+1),$D7),"000")} -> 055054 | AK7: =IF(K7="PASS",-1,500) -> 500 | AL7: {=IF(INDIRECT("$K"&(ROW(R7)+$F$1-1))="TERMINAL",1000489,489)*SIGN(AK7)} -> 489 | AM7: {=IF(INDIRECT("$D"&(ROW(R7)+$F$1-1))=0,AM6,$G7)} -> 4 | AN7: {=IF(INDIRECT("$D"&(ROW(R7)+$F$1-1))=0,AN6,$G8)} -> 0 | AO7: {=IF(INDIRECT("$D"&(ROW(R7)+$F$1-1))=0,AO6,$G9)} -> 3 | AP7: {=IF(INDIRECT("$D"&(ROW(R7)+$F$1-1))=0,AP6,$G10)} -> 3 | AQ7: {=IF(INDIRECT("$D"&(ROW(R7)+$F$1-1))=0,AQ6,$G11)} -> 0 | AR7: {=IF(INDIRECT("$D"&(ROW(R7)+$F$1-1))=0,AR6,$G12)} -> 3 | AS7: {=IF(INDIRECT("$D"&(ROW(AS7)+$F$1-1))=0,AS6+4,1)} -> 1 | AT7: {=IF(INDIRECT("$D"&(ROW(AT7)+$F$1-1))=0,AT6+4,2)} -> 2 | AU7: {=IF(INDIRECT("$D"&(ROW(AU7)+$F$1-1))=0,AU6+4,3)} -> 3 | AV7: {=IF(INDIRECT("$D"&(ROW(AV7)+$F$1-1))=0,AV6+4,4)} -> 4 | AW7: {=_xlfn.XLOOKUP(1,INDIRECT("J"&ROW(K7)+$F$1):J$103,INDIRECT("D"&ROW(K7)+$F$1):D$103,0,0,1)} -> 50 | AX7: =_xlfn.XLOOKUP(AW7,D$4:D$103,G$4:G$103,0,0,1) -> 3 | AY7: {=_xlfn.XLOOKUP(AW7,D$4:D$110,H$4:H$110&N$4:N$110&O$4:O$110,0,0,1)} -> 3315 | AZ7: {=_xlfn.XLOOKUP(AW7,D$4:D$110,I$4:I$110&P$4:P$110&Q$4:Q$110,0,0,1)} -> 3345 | BA7: {=_xlfn.XLOOKUP(1,J$4:J6,D$4:D6,0,0,-1)} -> 56 | BB7: =_xlfn.XLOOKUP(BA7,D$4:D$103,G$4:G$103,0,0,1) -> 2 | BC7: {=_xlfn.SWITCH(TRUE,_xlfn.XLOOKUP(BA7,D$4:D$110,TEXT(F$4:F$110,"HH"),0,0,1)="00",B5&"",_xlfn.XLOOKUP(BA7,D$4:D$110,TEXT(F$4:F$110,"HH"),0,0,1)="T","00",TRUE,_xlfn.XLOOKUP(BA7,D$4:D$110,TEXT(F$4:F$110,"HH"),0,0,1))} -> 11 | BD7: =BC7&_xlfn.XLOOKUP(BA7,D$4:D$110,P$4:P$110,"00",0,1)&_xlfn.XLOOKUP(BA7,D$4:D$110,Q$4:Q$110,"00",0,1) -> 111845
A8: 5 | B8: 日野 | C8: 181975 | D8: 54 | J8: =IF(F8<>"",1,0) -> 0 | K8: =IF(E7="着(hh:mm:ss)","start",IF(E8="p","pass",IF(OR(F8="t",K7="terminal"),"terminal","stop"))) -> stop | L8: {=_xlfn.SWITCH(TRUE,$K8="PASS",TEXT($B$1,"0000"),AND($K8="STOP",E8=""),TEXT($D$1,"0000"),$K7="TERMINAL","0000",TRUE,TEXT(E8,"MMSS"))} -> 0000 | M8: {=_xlfn.SWITCH(TRUE,$K8="PASS",TEXT($B$1,"0000"),AND($K8="STOP",F8=""),TEXT($D$1,"0000"),$K8="TERMINAL","0000",TRUE,TEXT(F8,"MMSS"))} -> 0000 | N8: {=_xlfn.SWITCH(TRUE,AND(LEFT(L8,2)="00",K8="TERMINAL"),"00",E8="",TEXT(LEFT($D$1,2),"00"),LEFT(L8,2)="00",$D$2&"",TRUE,LEFT(L8,2))} -> 00 | O8: {=_xlfn.SWITCH(TRUE,AND(N8="00",RIGHT(L8,2)="00",K8="TERMINAL"),"00",OR(E8="",N8=LEFT($B$1,2)),TEXT(RIGHT($D$1,2),"00"),RIGHT(L8,2)="00",$D$2&"",TRUE,RIGHT(L8,2))} -> 00 | P8: {=_xlfn.SWITCH(TRUE,AND(LEFT(M8,2)="00",K8="TERMINAL"),"00",F8="",TEXT(LEFT($D$1,2),"00"),LEFT(M8,2)="00",$D$2&"",TRUE,LEFT(M8,2))} -> 00 | Q8: {=_xlfn.SWITCH(TRUE,AND(RIGHT(M8,2)="00",K8="TERMINAL"),"00",F8="",TEXT(RIGHT($D$1,2),"00"),RIGHT(M8,2)="00",$D$2&"",TRUE,RIGHT(M8,2))} -> 00 | R8: {=IF(INDIRECT("$D"&(ROW(R8)+$F$1-1))=0,R7,$D8)} -> 54 | S8: {=IF(INDIRECT("$D"&(ROW(R8)+$F$1-1))=0,S7,$D9)} -> 53 | T8: {=IF(INDIRECT("$D"&(ROW(R8)+$F$1-1))=0,T7,$D10)} -> 52 | U8: {=IF(INDIRECT("$D"&(ROW(R8)+$F$1-1))=0,U7,$D11)} -> 51 | V8: {=IF(INDIRECT("$D"&(ROW(R8)+$F$1-1))=0,V7,$D12)} -> 50 | W8: {=IF(INDIRECT("$D"&(ROW(R8)+$F$1-1))=0,W7,$D13)} -> 49 | X8: {=IF(INDIRECT("$D"&(ROW(R8)+$F$1-1))=0,X6,$H8&$N8&$O8)} -> 0000 | Y8: {=IF(INDIRECT("$D"&(ROW(R8)+$F$1-1))=0,Y7,H9&$N9&$O9)} -> 2860 | Z8: {=IF(INDIRECT("$D"&(ROW(R8)+$F$1-1))=0,Z7,H10&$N10&$O10)} -> 6200 | AA8: {=IF(INDIRECT("$D"&(ROW(R8)+$F$1-1))=0,AA7,H11&$N11&$O11)} -> 6200 | AB8: {=IF(INDIRECT("$D"&(ROW(R8)+$F$1-1))=0,AB7,H12&$N12&$O12)} -> 3315 | AC8: {=IF(INDIRECT("$D"&(ROW(R8)+$F$1-1))=0,AC7,H13&$N13&$O13)} -> 6200 | AD8: {=IF(INDIRECT("$D"&(ROW(R8)+$F$1-1))=0,AD7,I8&$P8&$Q8)} -> 0000 | AE8: {=IF(INDIRECT("$D"&(ROW(R8)+$F$1-1))=0,AE7,I9&$P9&$Q9)} -> 2830 | AF8: {=IF(INDIRECT("$D"&(ROW(R8)+$F$1-1))=0,AF7,I10&$P10&$Q10)} -> 0000 | AG8: {=IF(INDIRECT("$D"&(ROW(R8)+$F$1-1))=0,AG7,I11&$P11&$Q11)} -> 0000 | AH8: {=IF(INDIRECT("$D"&(ROW(R8)+$F$1-1))=0,AH7,I12&$P12&$Q12)} -> 3345 | AI8: {=IF(INDIRECT("$D"&(ROW(R8)+$F$1-1))=0,AI7,I13&$P13&$Q13)} -> 0000 | AJ8: {=TEXT($D8,"000")&TEXT(IFERROR(INDEX($D$5:$D$103,_xlfn.AGGREGATE(15,6,ROW($E$5:$E$103)/(($E$5:$E$103<>"p")*($E$5:$E$103<>"t")*(ROW($E$5:$E$103)>ROW($E8))),1)-ROW($E$5)+1),$D8),"000")} -> 054053 | AK8: =IF(K8="PASS",-1,500) -> 500 | AL8: {=IF(INDIRECT("$K"&(ROW(R8)+$F$1-1))="TERMINAL",1000489,489)*SIGN(AK8)} -> 489 | AM8: {=IF(INDIRECT("$D"&(ROW(R8)+$F$1-1))=0,AM7,$G8)} -> 0 | AN8: {=IF(INDIRECT("$D"&(ROW(R8)+$F$1-1))=0,AN7,$G9)} -> 3 | AO8: {=IF(INDIRECT("$D"&(ROW(R8)+$F$1-1))=0,AO7,$G10)} -> 3 | AP8: {=IF(INDIRECT("$D"&(ROW(R8)+$F$1-1))=0,AP7,$G11)} -> 0 | AQ8: {=IF(INDIRECT("$D"&(ROW(R8)+$F$1-1))=0,AQ7,$G12)} -> 3 | AR8: {=IF(INDIRECT("$D"&(ROW(R8)+$F$1-1))=0,AR7,$G13)} -> 4 | AS8: {=IF(INDIRECT("$D"&(ROW(AS8)+$F$1-1))=0,AS7+4,1)} -> 1 | AT8: {=IF(INDIRECT("$D"&(ROW(AT8)+$F$1-1))=0,AT7+4,2)} -> 2 | AU8: {=IF(INDIRECT("$D"&(ROW(AU8)+$F$1-1))=0,AU7+4,3)} -> 3 | AV8: {=IF(INDIRECT("$D"&(ROW(AV8)+$F$1-1))=0,AV7+4,4)} -> 4 | AW8: {=_xlfn.XLOOKUP(1,INDIRECT("J"&ROW(K8)+$F$1):J$103,INDIRECT("D"&ROW(K8)+$F$1):D$103,0,0,1)} -> 46 | AX8: =_xlfn.XLOOKUP(AW8,D$4:D$103,G$4:G$103,0,0,1) -> 6 | AY8: {=_xlfn.XLOOKUP(AW8,D$4:D$110,H$4:H$110&N$4:N$110&O$4:O$110,0,0,1)} -> 3960 | AZ8: {=_xlfn.XLOOKUP(AW8,D$4:D$110,I$4:I$110&P$4:P$110&Q$4:Q$110,0,0,1)} -> 3930 | BA8: {=_xlfn.XLOOKUP(1,J$4:J7,D$4:D7,0,0,-1)} -> 55 | BB8: =_xlfn.XLOOKUP(BA8,D$4:D$103,G$4:G$103,0,0,1) -> 4 | BC8: {=_xlfn.SWITCH(TRUE,_xlfn.XLOOKUP(BA8,D$4:D$110,TEXT(F$4:F$110,"HH"),0,0,1)="00",B6&"",_xlfn.XLOOKUP(BA8,D$4:D$110,TEXT(F$4:F$110,"HH"),0,0,1)="T","00",TRUE,_xlfn.XLOOKUP(BA8,D$4:D$110,TEXT(F$4:F$110,"HH"),0,0,1))} -> 11 | BD8: =BC8&_xlfn.XLOOKUP(BA8,D$4:D$110,P$4:P$110,"00",0,1)&_xlfn.XLOOKUP(BA8,D$4:D$110,Q$4:Q$110,"00",0,1) -> 112245
A9: 6 | B9: 立川 | C9: 185325 | D9: 53 | E9: 0.47777778 | F9: 0.478125 | G9: 3 | J9: =IF(F9<>"",1,0) -> 1 | K9: =IF(E8="着(hh:mm:ss)","start",IF(E9="p","pass",IF(OR(F9="t",K8="terminal"),"terminal","stop"))) -> stop | L9: {=_xlfn.SWITCH(TRUE,$K9="PASS",TEXT($B$1,"0000"),AND($K9="STOP",E9=""),TEXT($D$1,"0000"),$K8="TERMINAL","0000",TRUE,TEXT(E9,"MMSS"))} -> 2800 | M9: {=_xlfn.SWITCH(TRUE,$K9="PASS",TEXT($B$1,"0000"),AND($K9="STOP",F9=""),TEXT($D$1,"0000"),$K9="TERMINAL","0000",TRUE,TEXT(F9,"MMSS"))} -> 2830 | N9: {=_xlfn.SWITCH(TRUE,AND(LEFT(L9,2)="00",K9="TERMINAL"),"00",E9="",TEXT(LEFT($D$1,2),"00"),LEFT(L9,2)="00",$D$2&"",TRUE,LEFT(L9,2))} -> 28 | O9: {=_xlfn.SWITCH(TRUE,AND(N9="00",RIGHT(L9,2)="00",K9="TERMINAL"),"00",OR(E9="",N9=LEFT($B$1,2)),TEXT(RIGHT($D$1,2),"00"),RIGHT(L9,2)="00",$D$2&"",TRUE,RIGHT(L9,2))} -> 60 | P9: {=_xlfn.SWITCH(TRUE,AND(LEFT(M9,2)="00",K9="TERMINAL"),"00",F9="",TEXT(LEFT($D$1,2),"00"),LEFT(M9,2)="00",$D$2&"",TRUE,LEFT(M9,2))} -> 28 | Q9: {=_xlfn.SWITCH(TRUE,AND(RIGHT(M9,2)="00",K9="TERMINAL"),"00",F9="",TEXT(RIGHT($D$1,2),"00"),RIGHT(M9,2)="00",$D$2&"",TRUE,RIGHT(M9,2))} -> 30 | R9: {=IF(INDIRECT("$D"&(ROW(R9)+$F$1-1))=0,R8,$D9)} -> 53 | S9: {=IF(INDIRECT("$D"&(ROW(R9)+$F$1-1))=0,S8,$D10)} -> 52 | T9: {=IF(INDIRECT("$D"&(ROW(R9)+$F$1-1))=0,T8,$D11)} -> 51 | U9: {=IF(INDIRECT("$D"&(ROW(R9)+$F$1-1))=0,U8,$D12)} -> 50 | V9: {=IF(INDIRECT("$D"&(ROW(R9)+$F$1-1))=0,V8,$D13)} -> 49 | W9: {=IF(INDIRECT("$D"&(ROW(R9)+$F$1-1))=0,W8,$D14)} -> 48 | X9: {=IF(INDIRECT("$D"&(ROW(R9)+$F$1-1))=0,X7,$H9&$N9&$O9)} -> 2860 | Y9: {=IF(INDIRECT("$D"&(ROW(R9)+$F$1-1))=0,Y8,H10&$N10&$O10)} -> 6200 | Z9: {=IF(INDIRECT("$D"&(ROW(R9)+$F$1-1))=0,Z8,H11&$N11&$O11)} -> 6200 | AA9: {=IF(INDIRECT("$D"&(ROW(R9)+$F$1-1))=0,AA8,H12&$N12&$O12)} -> 3315 | AB9: {=IF(INDIRECT("$D"&(ROW(R9)+$F$1-1))=0,AB8,H13&$N13&$O13)} -> 6200 | AC9: {=IF(INDIRECT("$D"&(ROW(R9)+$F$1-1))=0,AC8,H14&$N14&$O14)} -> 6200 | AD9: {=IF(INDIRECT("$D"&(ROW(R9)+$F$1-1))=0,AD8,I9&$P9&$Q9)} -> 2830 | AE9: {=IF(INDIRECT("$D"&(ROW(R9)+$F$1-1))=0,AE8,I10&$P10&$Q10)} -> 0000 | AF9: {=IF(INDIRECT("$D"&(ROW(R9)+$F$1-1))=0,AF8,I11&$P11&$Q11)} -> 0000 | AG9: {=IF(INDIRECT("$D"&(ROW(R9)+$F$1-1))=0,AG8,I12&$P12&$Q12)} -> 3345 | AH9: {=IF(INDIRECT("$D"&(ROW(R9)+$F$1-1))=0,AH8,I13&$P13&$Q13)} -> 0000 | AI9: {=IF(INDIRECT("$D"&(ROW(R9)+$F$1-1))=0,AI8,I14&$P14&$Q14)} -> 0000 | AJ9: {=TEXT($D9,"000")&TEXT(IFERROR(INDEX($D$5:$D$103,_xlfn.AGGREGATE(15,6,ROW($E$5:$E$103)/(($E$5:$E$103<>"p")*($E$5:$E$103<>"t")*(ROW($E$5:$E$103)>ROW($E9))),1)-ROW($E$5)+1),$D9),"000")} -> 053050 | AK9: =IF(K9="PASS",-1,500) -> 500 | AL9: {=IF(INDIRECT("$K"&(ROW(R9)+$F$1-1))="TERMINAL",1000489,489)*SIGN(AK9)} -> 489 | AM9: {=IF(INDIRECT("$D"&(ROW(R9)+$F$1-1))=0,AM8,$G9)} -> 3 | AN9: {=IF(INDIRECT("$D"&(ROW(R9)+$F$1-1))=0,AN8,$G10)} -> 3 | AO9: {=IF(INDIRECT("$D"&(ROW(R9)+$F$1-1))=0,AO8,$G11)} -> 0 | AP9: {=IF(INDIRECT("$D"&(ROW(R9)+$F$1-1))=0,AP8,$G12)} -> 3 | AQ9: {=IF(INDIRECT("$D"&(ROW(R9)+$F$1-1))=0,AQ8,$G13)} -> 4 | AR9: {=IF(INDIRECT("$D"&(ROW(R9)+$F$1-1))=0,AR8,$G14)} -> 1 | AS9: {=IF(INDIRECT("$D"&(ROW(AS9)+$F$1-1))=0,AS8+4,1)} -> 1 | AT9: {=IF(INDIRECT("$D"&(ROW(AT9)+$F$1-1))=0,AT8+4,2)} -> 2 | AU9: {=IF(INDIRECT("$D"&(ROW(AU9)+$F$1-1))=0,AU8+4,3)} -> 3 | AV9: {=IF(INDIRECT("$D"&(ROW(AV9)+$F$1-1))=0,AV8+4,4)} -> 4 | AW9: {=_xlfn.XLOOKUP(1,INDIRECT("J"&ROW(K9)+$F$1):J$103,INDIRECT("D"&ROW(K9)+$F$1):D$103,0,0,1)} -> 46 | AX9: =_xlfn.XLOOKUP(AW9,D$4:D$103,G$4:G$103,0,0,1) -> 6 | AY9: {=_xlfn.XLOOKUP(AW9,D$4:D$110,H$4:H$110&N$4:N$110&O$4:O$110,0,0,1)} -> 3960 | AZ9: {=_xlfn.XLOOKUP(AW9,D$4:D$110,I$4:I$110&P$4:P$110&Q$4:Q$110,0,0,1)} -> 3930 | BA9: {=_xlfn.XLOOKUP(1,J$4:J8,D$4:D8,0,0,-1)} -> 55 | BB9: =_xlfn.XLOOKUP(BA9,D$4:D$103,G$4:G$103,0,0,1) -> 4 | BC9: {=_xlfn.SWITCH(TRUE,_xlfn.XLOOKUP(BA9,D$4:D$110,TEXT(F$4:F$110,"HH"),0,0,1)="00",B7&"",_xlfn.XLOOKUP(BA9,D$4:D$110,TEXT(F$4:F$110,"HH"),0,0,1)="T","00",TRUE,_xlfn.XLOOKUP(BA9,D$4:D$110,TEXT(F$4:F$110,"HH"),0,0,1))} -> 11 | BD9: =BC9&_xlfn.XLOOKUP(BA9,D$4:D$110,P$4:P$110,"00",0,1)&_xlfn.XLOOKUP(BA9,D$4:D$110,Q$4:Q$110,"00",0,1) -> 112245
A10: 7 | B10: 国立 | C10: 188425 | D10: 52 | E10: p | G10: 3 | J10: =IF(F10<>"",1,0) -> 0 | K10: =IF(E9="着(hh:mm:ss)","start",IF(E10="p","pass",IF(OR(F10="t",K9="terminal"),"terminal","stop"))) -> pass | L10: {=_xlfn.SWITCH(TRUE,$K10="PASS",TEXT($B$1,"0000"),AND($K10="STOP",E10=""),TEXT($D$1,"0000"),$K9="TERMINAL","0000",TRUE,TEXT(E10,"MMSS"))} -> 6200 | M10: {=_xlfn.SWITCH(TRUE,$K10="PASS",TEXT($B$1,"0000"),AND($K10="STOP",F10=""),TEXT($D$1,"0000"),$K10="TERMINAL","0000",TRUE,TEXT(F10,"MMSS"))} -> 6200 | N10: {=_xlfn.SWITCH(TRUE,AND(LEFT(L10,2)="00",K10="TERMINAL"),"00",E10="",TEXT(LEFT($D$1,2),"00"),LEFT(L10,2)="00",$D$2&"",TRUE,LEFT(L10,2))} -> 62 | O10: {=_xlfn.SWITCH(TRUE,AND(N10="00",RIGHT(L10,2)="00",K10="TERMINAL"),"00",OR(E10="",N10=LEFT($B$1,2)),TEXT(RIGHT($D$1,2),"00"),RIGHT(L10,2)="00",$D$2&"",TRUE,RIGHT(L10,2))} -> 00 | P10: {=_xlfn.SWITCH(TRUE,AND(LEFT(M10,2)="00",K10="TERMINAL"),"00",F10="",TEXT(LEFT($D$1,2),"00"),LEFT(M10,2)="00",$D$2&"",TRUE,LEFT(M10,2))} -> 00 | Q10: {=_xlfn.SWITCH(TRUE,AND(RIGHT(M10,2)="00",K10="TERMINAL"),"00",F10="",TEXT(RIGHT($D$1,2),"00"),RIGHT(M10,2)="00",$D$2&"",TRUE,RIGHT(M10,2))} -> 00 | R10: {=IF(INDIRECT("$D"&(ROW(R10)+$F$1-1))=0,R9,$D10)} -> 52 | S10: {=IF(INDIRECT("$D"&(ROW(R10)+$F$1-1))=0,S9,$D11)} -> 51 | T10: {=IF(INDIRECT("$D"&(ROW(R10)+$F$1-1))=0,T9,$D12)} -> 50 | U10: {=IF(INDIRECT("$D"&(ROW(R10)+$F$1-1))=0,U9,$D13)} -> 49 | V10: {=IF(INDIRECT("$D"&(ROW(R10)+$F$1-1))=0,V9,$D14)} -> 48 | W10: {=IF(INDIRECT("$D"&(ROW(R10)+$F$1-1))=0,W9,$D15)} -> 47 | X10: {=IF(INDIRECT("$D"&(ROW(R10)+$F$1-1))=0,X8,$H10&$N10&$O10)} -> 6200 | Y10: {=IF(INDIRECT("$D"&(ROW(R10)+$F$1-1))=0,Y9,H11&$N11&$O11)} -> 6200 | Z10: {=IF(INDIRECT("$D"&(ROW(R10)+$F$1-1))=0,Z9,H12&$N12&$O12)} -> 3315 | AA10: {=IF(INDIRECT("$D"&(ROW(R10)+$F$1-1))=0,AA9,H13&$N13&$O13)} -> 6200 | AB10: {=IF(INDIRECT("$D"&(ROW(R10)+$F$1-1))=0,AB9,H14&$N14&$O14)} -> 6200 | AC10: {=IF(INDIRECT("$D"&(ROW(R10)+$F$1-1))=0,AC9,H15&$N15&$O15)} -> 6200 | AD10: {=IF(INDIRECT("$D"&(ROW(R10)+$F$1-1))=0,AD9,I10&$P10&$Q10)} -> 0000 | AE10: {=IF(INDIRECT("$D"&(ROW(R10)+$F$1-1))=0,AE9,I11&$P11&$Q11)} -> 0000 | AF10: {=IF(INDIRECT("$D"&(ROW(R10)+$F$1-1))=0,AF9,I12&$P12&$Q12)} -> 3345 | AG10: {=IF(INDIRECT("$D"&(ROW(R10)+$F$1-1))=0,AG9,I13&$P13&$Q13)} -> 0000 | AH10: {=IF(INDIRECT("$D"&(ROW(R10)+$F$1-1))=0,AH9,I14&$P14&$Q14)} -> 0000 | AI10: {=IF(INDIRECT("$D"&(ROW(R10)+$F$1-1))=0,AI9,I15&$P15&$Q15)} -> 0000 | AJ10: {=TEXT($D10,"000")&TEXT(IFERROR(INDEX($D$5:$D$103,_xlfn.AGGREGATE(15,6,ROW($E$5:$E$103)/(($E$5:$E$103<>"p")*($E$5:$E$103<>"t")*(ROW($E$5:$E$103)>ROW($E10))),1)-ROW($E$5)+1),$D10),"000")} -> 052050 | AK10: =IF(K10="PASS",-1,500) -> -1 | AL10: {=IF(INDIRECT("$K"&(ROW(R10)+$F$1-1))="TERMINAL",1000489,489)*SIGN(AK10)} -> -489 | AM10: {=IF(INDIRECT("$D"&(ROW(R10)+$F$1-1))=0,AM9,$G10)} -> 3 | AN10: {=IF(INDIRECT("$D"&(ROW(R10)+$F$1-1))=0,AN9,$G11)} -> 0 | AO10: {=IF(INDIRECT("$D"&(ROW(R10)+$F$1-1))=0,AO9,$G12)} -> 3 | AP10: {=IF(INDIRECT("$D"&(ROW(R10)+$F$1-1))=0,AP9,$G13)} -> 4 | AQ10: {=IF(INDIRECT("$D"&(ROW(R10)+$F$1-1))=0,AQ9,$G14)} -> 1 | AR10: {=IF(INDIRECT("$D"&(ROW(R10)+$F$1-1))=0,AR9,$G15)} -> 0 | AS10: {=IF(INDIRECT("$D"&(ROW(AS10)+$F$1-1))=0,AS9+4,1)} -> 1 | AT10: {=IF(INDIRECT("$D"&(ROW(AT10)+$F$1-1))=0,AT9+4,2)} -> 2 | AU10: {=IF(INDIRECT("$D"&(ROW(AU10)+$F$1-1))=0,AU9+4,3)} -> 3 | AV10: {=IF(INDIRECT("$D"&(ROW(AV10)+$F$1-1))=0,AV9+4,4)} -> 4 | AW10: {=_xlfn.XLOOKUP(1,INDIRECT("J"&ROW(K10)+$F$1):J$103,INDIRECT("D"&ROW(K10)+$F$1):D$103,0,0,1)} -> 46 | AX10: =_xlfn.XLOOKUP(AW10,D$4:D$103,G$4:G$103,0,0,1) -> 6 | AY10: {=_xlfn.XLOOKUP(AW10,D$4:D$110,H$4:H$110&N$4:N$110&O$4:O$110,0,0,1)} -> 3960 | AZ10: {=_xlfn.XLOOKUP(AW10,D$4:D$110,I$4:I$110&P$4:P$110&Q$4:Q$110,0,0,1)} -> 3930 | BA10: {=_xlfn.XLOOKUP(1,J$4:J9,D$4:D9,0,0,-1)} -> 53 | BB10: =_xlfn.XLOOKUP(BA10,D$4:D$103,G$4:G$103,0,0,1) -> 3 | BC10: {=_xlfn.SWITCH(TRUE,_xlfn.XLOOKUP(BA10,D$4:D$110,TEXT(F$4:F$110,"HH"),0,0,1)="00",B8&"",_xlfn.XLOOKUP(BA10,D$4:D$110,TEXT(F$4:F$110,"HH"),0,0,1)="T","00",TRUE,_xlfn.XLOOKUP(BA10,D$4:D$110,TEXT(F$4:F$110,"HH"),0,0,1))} -> 11 | BD10: =BC10&_xlfn.XLOOKUP(BA10,D$4:D$110,P$4:P$110,"00",0,1)&_xlfn.XLOOKUP(BA10,D$4:D$110,Q$4:Q$110,"00",0,1) -> 112830
A11: 8 | B11: 西国分寺 | C11: 190150 | D11: 51 | E11: p | J11: =IF(F11<>"",1,0) -> 0 | K11: =IF(E10="着(hh:mm:ss)","start",IF(E11="p","pass",IF(OR(F11="t",K10="terminal"),"terminal","stop"))) -> pass | L11: {=_xlfn.SWITCH(TRUE,$K11="PASS",TEXT($B$1,"0000"),AND($K11="STOP",E11=""),TEXT($D$1,"0000"),$K10="TERMINAL","0000",TRUE,TEXT(E11,"MMSS"))} -> 6200 | M11: {=_xlfn.SWITCH(TRUE,$K11="PASS",TEXT($B$1,"0000"),AND($K11="STOP",F11=""),TEXT($D$1,"0000"),$K11="TERMINAL","0000",TRUE,TEXT(F11,"MMSS"))} -> 6200 | N11: {=_xlfn.SWITCH(TRUE,AND(LEFT(L11,2)="00",K11="TERMINAL"),"00",E11="",TEXT(LEFT($D$1,2),"00"),LEFT(L11,2)="00",$D$2&"",TRUE,LEFT(L11,2))} -> 62 | O11: {=_xlfn.SWITCH(TRUE,AND(N11="00",RIGHT(L11,2)="00",K11="TERMINAL"),"00",OR(E11="",N11=LEFT($B$1,2)),TEXT(RIGHT($D$1,2),"00"),RIGHT(L11,2)="00",$D$2&"",TRUE,RIGHT(L11,2))} -> 00 | P11: {=_xlfn.SWITCH(TRUE,AND(LEFT(M11,2)="00",K11="TERMINAL"),"00",F11="",TEXT(LEFT($D$1,2),"00"),LEFT(M11,2)="00",$D$2&"",TRUE,LEFT(M11,2))} -> 00 | Q11: {=_xlfn.SWITCH(TRUE,AND(RIGHT(M11,2)="00",K11="TERMINAL"),"00",F11="",TEXT(RIGHT($D$1,2),"00"),RIGHT(M11,2)="00",$D$2&"",TRUE,RIGHT(M11,2))} -> 00 | R11: {=IF(INDIRECT("$D"&(ROW(R11)+$F$1-1))=0,R10,$D11)} -> 51 | S11: {=IF(INDIRECT("$D"&(ROW(R11)+$F$1-1))=0,S10,$D12)} -> 50 | T11: {=IF(INDIRECT("$D"&(ROW(R11)+$F$1-1))=0,T10,$D13)} -> 49 | U11: {=IF(INDIRECT("$D"&(ROW(R11)+$F$1-1))=0,U10,$D14)} -> 48 | V11: {=IF(INDIRECT("$D"&(ROW(R11)+$F$1-1))=0,V10,$D15)} -> 47 | W11: {=IF(INDIRECT("$D"&(ROW(R11)+$F$1-1))=0,W10,$D16)} -> 46 | X11: {=IF(INDIRECT("$D"&(ROW(R11)+$F$1-1))=0,X9,$H11&$N11&$O11)} -> 6200 | Y11: {=IF(INDIRECT("$D"&(ROW(R11)+$F$1-1))=0,Y10,H12&$N12&$O12)} -> 3315 | Z11: {=IF(INDIRECT("$D"&(ROW(R11)+$F$1-1))=0,Z10,H13&$N13&$O13)} -> 6200 | AA11: {=IF(INDIRECT("$D"&(ROW(R11)+$F$1-1))=0,AA10,H14&$N14&$O14)} -> 6200 | AB11: {=IF(INDIRECT("$D"&(ROW(R11)+$F$1-1))=0,AB10,H15&$N15&$O15)} -> 6200 | AC11: {=IF(INDIRECT("$D"&(ROW(R11)+$F$1-1))=0,AC10,H16&$N16&$O16)} -> 3960 | AD11: {=IF(INDIRECT("$D"&(ROW(R11)+$F$1-1))=0,AD10,I11&$P11&$Q11)} -> 0000 | AE11: {=IF(INDIRECT("$D"&(ROW(R11)+$F$1-1))=0,AE10,I12&$P12&$Q12)} -> 3345 | AF11: {=IF(INDIRECT("$D"&(ROW(R11)+$F$1-1))=0,AF10,I13&$P13&$Q13)} -> 0000 | AG11: {=IF(INDIRECT("$D"&(ROW(R11)+$F$1-1))=0,AG10,I14&$P14&$Q14)} -> 0000 | AH11: {=IF(INDIRECT("$D"&(ROW(R11)+$F$1-1))=0,AH10,I15&$P15&$Q15)} -> 0000 | AI11: {=IF(INDIRECT("$D"&(ROW(R11)+$F$1-1))=0,AI10,I16&$P16&$Q16)} -> 3930 | AJ11: {=TEXT($D11,"000")&TEXT(IFERROR(INDEX($D$5:$D$103,_xlfn.AGGREGATE(15,6,ROW($E$5:$E$103)/(($E$5:$E$103<>"p")*($E$5:$E$103<>"t")*(ROW($E$5:$E$103)>ROW($E11))),1)-ROW($E$5)+1),$D11),"000")} -> 051050 | AK11: =IF(K11="PASS",-1,500) -> -1 | AL11: {=IF(INDIRECT("$K"&(ROW(R11)+$F$1-1))="TERMINAL",1000489,489)*SIGN(AK11)} -> -489 | AM11: {=IF(INDIRECT("$D"&(ROW(R11)+$F$1-1))=0,AM10,$G11)} -> 0 | AN11: {=IF(INDIRECT("$D"&(ROW(R11)+$F$1-1))=0,AN10,$G12)} -> 3 | AO11: {=IF(INDIRECT("$D"&(ROW(R11)+$F$1-1))=0,AO10,$G13)} -> 4 | AP11: {=IF(INDIRECT("$D"&(ROW(R11)+$F$1-1))=0,AP10,$G14)} -> 1 | AQ11: {=IF(INDIRECT("$D"&(ROW(R11)+$F$1-1))=0,AQ10,$G15)} -> 0 | AR11: {=IF(INDIRECT("$D"&(ROW(R11)+$F$1-1))=0,AR10,$G16)} -> 6 | AS11: {=IF(INDIRECT("$D"&(ROW(AS11)+$F$1-1))=0,AS10+4,1)} -> 1 | AT11: {=IF(INDIRECT("$D"&(ROW(AT11)+$F$1-1))=0,AT10+4,2)} -> 2 | AU11: {=IF(INDIRECT("$D"&(ROW(AU11)+$F$1-1))=0,AU10+4,3)} -> 3 | AV11: {=IF(INDIRECT("$D"&(ROW(AV11)+$F$1-1))=0,AV10+4,4)} -> 4 | AW11: {=_xlfn.XLOOKUP(1,INDIRECT("J"&ROW(K11)+$F$1):J$103,INDIRECT("D"&ROW(K11)+$F$1):D$103,0,0,1)} -> 46 | AX11: =_xlfn.XLOOKUP(AW11,D$4:D$103,G$4:G$103,0,0,1) -> 6 | AY11: {=_xlfn.XLOOKUP(AW11,D$4:D$110,H$4:H$110&N$4:N$110&O$4:O$110,0,0,1)} -> 3960 | AZ11: {=_xlfn.XLOOKUP(AW11,D$4:D$110,I$4:I$110&P$4:P$110&Q$4:Q$110,0,0,1)} -> 3930 | BA11: {=_xlfn.XLOOKUP(1,J$4:J10,D$4:D10,0,0,-1)} -> 53 | BB11: =_xlfn.XLOOKUP(BA11,D$4:D$103,G$4:G$103,0,0,1) -> 3 | BC11: {=_xlfn.SWITCH(TRUE,_xlfn.XLOOKUP(BA11,D$4:D$110,TEXT(F$4:F$110,"HH"),0,0,1)="00",B9&"",_xlfn.XLOOKUP(BA11,D$4:D$110,TEXT(F$4:F$110,"HH"),0,0,1)="T","00",TRUE,_xlfn.XLOOKUP(BA11,D$4:D$110,TEXT(F$4:F$110,"HH"),0,0,1))} -> 11 | BD11: =BC11&_xlfn.XLOOKUP(BA11,D$4:D$110,P$4:P$110,"00",0,1)&_xlfn.XLOOKUP(BA11,D$4:D$110,Q$4:Q$110,"00",0,1) -> 112830
A12: 9 | B12: 国分寺 | C12: 191625 | D12: 50 | E12: 0.48142361 | F12: 0.48177083 | G12: 3 | J12: =IF(F12<>"",1,0) -> 1 | K12: =IF(E11="着(hh:mm:ss)","start",IF(E12="p","pass",IF(OR(F12="t",K11="terminal"),"terminal","stop"))) -> stop | L12: {=_xlfn.SWITCH(TRUE,$K12="PASS",TEXT($B$1,"0000"),AND($K12="STOP",E12=""),TEXT($D$1,"0000"),$K11="TERMINAL","0000",TRUE,TEXT(E12,"MMSS"))} -> 3315 | M12: {=_xlfn.SWITCH(TRUE,$K12="PASS",TEXT($B$1,"0000"),AND($K12="STOP",F12=""),TEXT($D$1,"0000"),$K12="TERMINAL","0000",TRUE,TEXT(F12,"MMSS"))} -> 3345 | N12: {=_xlfn.SWITCH(TRUE,AND(LEFT(L12,2)="00",K12="TERMINAL"),"00",E12="",TEXT(LEFT($D$1,2),"00"),LEFT(L12,2)="00",$D$2&"",TRUE,LEFT(L12,2))} -> 33 | O12: {=_xlfn.SWITCH(TRUE,AND(N12="00",RIGHT(L12,2)="00",K12="TERMINAL"),"00",OR(E12="",N12=LEFT($B$1,2)),TEXT(RIGHT($D$1,2),"00"),RIGHT(L12,2)="00",$D$2&"",TRUE,RIGHT(L12,2))} -> 15 | P12: {=_xlfn.SWITCH(TRUE,AND(LEFT(M12,2)="00",K12="TERMINAL"),"00",F12="",TEXT(LEFT($D$1,2),"00"),LEFT(M12,2)="00",$D$2&"",TRUE,LEFT(M12,2))} -> 33 | Q12: {=_xlfn.SWITCH(TRUE,AND(RIGHT(M12,2)="00",K12="TERMINAL"),"00",F12="",TEXT(RIGHT($D$1,2),"00"),RIGHT(M12,2)="00",$D$2&"",TRUE,RIGHT(M12,2))} -> 45 | R12: {=IF(INDIRECT("$D"&(ROW(R12)+$F$1-1))=0,R11,$D12)} -> 50 | S12: {=IF(INDIRECT("$D"&(ROW(R12)+$F$1-1))=0,S11,$D13)} -> 49 | T12: {=IF(INDIRECT("$D"&(ROW(R12)+$F$1-1))=0,T11,$D14)} -> 48 | U12: {=IF(INDIRECT("$D"&(ROW(R12)+$F$1-1))=0,U11,$D15)} -> 47 | V12: {=IF(INDIRECT("$D"&(ROW(R12)+$F$1-1))=0,V11,$D16)} -> 46 | W12: {=IF(INDIRECT("$D"&(ROW(R12)+$F$1-1))=0,W11,$D17)} -> 45 | X12: {=IF(INDIRECT("$D"&(ROW(R12)+$F$1-1))=0,X10,$H12&$N12&$O12)} -> 3315 | Y12: {=IF(INDIRECT("$D"&(ROW(R12)+$F$1-1))=0,Y11,H13&$N13&$O13)} -> 6200 | Z12: {=IF(INDIRECT("$D"&(ROW(R12)+$F$1-1))=0,Z11,H14&$N14&$O14)} -> 6200 | AA12: {=IF(INDIRECT("$D"&(ROW(R12)+$F$1-1))=0,AA11,H15&$N15&$O15)} -> 6200 | AB12: {=IF(INDIRECT("$D"&(ROW(R12)+$F$1-1))=0,AB11,H16&$N16&$O16)} -> 3960 | AC12: {=IF(INDIRECT("$D"&(ROW(R12)+$F$1-1))=0,AC11,H17&$N17&$O17)} -> 6200 | AD12: {=IF(INDIRECT("$D"&(ROW(R12)+$F$1-1))=0,AD11,I12&$P12&$Q12)} -> 3345 | AE12: {=IF(INDIRECT("$D"&(ROW(R12)+$F$1-1))=0,AE11,I13&$P13&$Q13)} -> 0000 | AF12: {=IF(INDIRECT("$D"&(ROW(R12)+$F$1-1))=0,AF11,I14&$P14&$Q14)} -> 0000 | AG12: {=IF(INDIRECT("$D"&(ROW(R12)+$F$1-1))=0,AG11,I15&$P15&$Q15)} -> 0000 | AH12: {=IF(INDIRECT("$D"&(ROW(R12)+$F$1-1))=0,AH11,I16&$P16&$Q16)} -> 3930 | AI12: {=IF(INDIRECT("$D"&(ROW(R12)+$F$1-1))=0,AI11,I17&$P17&$Q17)} -> 0000 | AJ12: {=TEXT($D12,"000")&TEXT(IFERROR(INDEX($D$5:$D$103,_xlfn.AGGREGATE(15,6,ROW($E$5:$E$103)/(($E$5:$E$103<>"p")*($E$5:$E$103<>"t")*(ROW($E$5:$E$103)>ROW($E12))),1)-ROW($E$5)+1),$D12),"000")} -> 050046 | AK12: =IF(K12="PASS",-1,500) -> 500 | AL12: {=IF(INDIRECT("$K"&(ROW(R12)+$F$1-1))="TERMINAL",1000489,489)*SIGN(AK12)} -> 489 | AM12: {=IF(INDIRECT("$D"&(ROW(R12)+$F$1-1))=0,AM11,$G12)} -> 3 | AN12: {=IF(INDIRECT("$D"&(ROW(R12)+$F$1-1))=0,AN11,$G13)} -> 4 | AO12: {=IF(INDIRECT("$D"&(ROW(R12)+$F$1-1))=0,AO11,$G14)} -> 1 | AP12: {=IF(INDIRECT("$D"&(ROW(R12)+$F$1-1))=0,AP11,$G15)} -> 0 | AQ12: {=IF(INDIRECT("$D"&(ROW(R12)+$F$1-1))=0,AQ11,$G16)} -> 6 | AR12: {=IF(INDIRECT("$D"&(ROW(R12)+$F$1-1))=0,AR11,$G17)} -> 0 | AS12: {=IF(INDIRECT("$D"&(ROW(AS12)+$F$1-1))=0,AS11+4,1)} -> 1 | AT12: {=IF(INDIRECT("$D"&(ROW(AT12)+$F$1-1))=0,AT11+4,2)} -> 2 | AU12: {=IF(INDIRECT("$D"&(ROW(AU12)+$F$1-1))=0,AU11+4,3)} -> 3 | AV12: {=IF(INDIRECT("$D"&(ROW(AV12)+$F$1-1))=0,AV11+4,4)} -> 4 | AW12: {=_xlfn.XLOOKUP(1,INDIRECT("J"&ROW(K12)+$F$1):J$103,INDIRECT("D"&ROW(K12)+$F$1):D$103,0,0,1)} -> 40 | AX12: =_xlfn.XLOOKUP(AW12,D$4:D$103,G$4:G$103,0,0,1) -> 8 | AY12: {=_xlfn.XLOOKUP(AW12,D$4:D$110,H$4:H$110&N$4:N$110&O$4:O$110,0,0,1)} -> 4630 | AZ12: {=_xlfn.XLOOKUP(AW12,D$4:D$110,I$4:I$110&P$4:P$110&Q$4:Q$110,0,0,1)} -> 4760 | BA12: {=_xlfn.XLOOKUP(1,J$4:J11,D$4:D11,0,0,-1)} -> 53 | BB12: =_xlfn.XLOOKUP(BA12,D$4:D$103,G$4:G$103,0,0,1) -> 3 | BC12: {=_xlfn.SWITCH(TRUE,_xlfn.XLOOKUP(BA12,D$4:D$110,TEXT(F$4:F$110,"HH"),0,0,1)="00",B10&"",_xlfn.XLOOKUP(BA12,D$4:D$110,TEXT(F$4:F$110,"HH"),0,0,1)="T","00",TRUE,_xlfn.XLOOKUP(BA12,D$4:D$110,TEXT(F$4:F$110,"HH"),0,0,1))} -> 11 | BD12: =BC12&_xlfn.XLOOKUP(BA12,D$4:D$110,P$4:P$110,"00",0,1)&_xlfn.XLOOKUP(BA12,D$4:D$110,Q$4:Q$110,"00",0,1) -> 112830
A13: 10 | B13: 武蔵小金井 | C13: 193900 | D13: 49 | E13: p | G13: 4 | J13: =IF(F13<>"",1,0) -> 0 | K13: =IF(E12="着(hh:mm:ss)","start",IF(E13="p","pass",IF(OR(F13="t",K12="terminal"),"terminal","stop"))) -> pass | L13: {=_xlfn.SWITCH(TRUE,$K13="PASS",TEXT($B$1,"0000"),AND($K13="STOP",E13=""),TEXT($D$1,"0000"),$K12="TERMINAL","0000",TRUE,TEXT(E13,"MMSS"))} -> 6200 | M13: {=_xlfn.SWITCH(TRUE,$K13="PASS",TEXT($B$1,"0000"),AND($K13="STOP",F13=""),TEXT($D$1,"0000"),$K13="TERMINAL","0000",TRUE,TEXT(F13,"MMSS"))} -> 6200 | N13: {=_xlfn.SWITCH(TRUE,AND(LEFT(L13,2)="00",K13="TERMINAL"),"00",E13="",TEXT(LEFT($D$1,2),"00"),LEFT(L13,2)="00",$D$2&"",TRUE,LEFT(L13,2))} -> 62 | O13: {=_xlfn.SWITCH(TRUE,AND(N13="00",RIGHT(L13,2)="00",K13="TERMINAL"),"00",OR(E13="",N13=LEFT($B$1,2)),TEXT(RIGHT($D$1,2),"00"),RIGHT(L13,2)="00",$D$2&"",TRUE,RIGHT(L13,2))} -> 00 | P13: {=_xlfn.SWITCH(TRUE,AND(LEFT(M13,2)="00",K13="TERMINAL"),"00",F13="",TEXT(LEFT($D$1,2),"00"),LEFT(M13,2)="00",$D$2&"",TRUE,LEFT(M13,2))} -> 00 | Q13: {=_xlfn.SWITCH(TRUE,AND(RIGHT(M13,2)="00",K13="TERMINAL"),"00",F13="",TEXT(RIGHT($D$1,2),"00"),RIGHT(M13,2)="00",$D$2&"",TRUE,RIGHT(M13,2))} -> 00 | R13: {=IF(INDIRECT("$D"&(ROW(R13)+$F$1-1))=0,R12,$D13)} -> 49 | S13: {=IF(INDIRECT("$D"&(ROW(R13)+$F$1-1))=0,S12,$D14)} -> 48 | T13: {=IF(INDIRECT("$D"&(ROW(R13)+$F$1-1))=0,T12,$D15)} -> 47 | U13: {=IF(INDIRECT("$D"&(ROW(R13)+$F$1-1))=0,U12,$D16)} -> 46 | V13: {=IF(INDIRECT("$D"&(ROW(R13)+$F$1-1))=0,V12,$D17)} -> 45 | W13: {=IF(INDIRECT("$D"&(ROW(R13)+$F$1-1))=0,W12,$D18)} -> 44 | X13: {=IF(INDIRECT("$D"&(ROW(R13)+$F$1-1))=0,X11,$H13&$N13&$O13)} -> 6200 | Y13: {=IF(INDIRECT("$D"&(ROW(R13)+$F$1-1))=0,Y12,H14&$N14&$O14)} -> 6200 | Z13: {=IF(INDIRECT("$D"&(ROW(R13)+$F$1-1))=0,Z12,H15&$N15&$O15)} -> 6200 | AA13: {=IF(INDIRECT("$D"&(ROW(R13)+$F$1-1))=0,AA12,H16&$N16&$O16)} -> 3960 | AB13: {=IF(INDIRECT("$D"&(ROW(R13)+$F$1-1))=0,AB12,H17&$N17&$O17)} -> 6200 | AC13: {=IF(INDIRECT("$D"&(ROW(R13)+$F$1-1))=0,AC12,H18&$N18&$O18)} -> 6200 | AD13: {=IF(INDIRECT("$D"&(ROW(R13)+$F$1-1))=0,AD12,I13&$P13&$Q13)} -> 0000 | AE13: {=IF(INDIRECT("$D"&(ROW(R13)+$F$1-1))=0,AE12,I14&$P14&$Q14)} -> 0000 | AF13: {=IF(INDIRECT("$D"&(ROW(R13)+$F$1-1))=0,AF12,I15&$P15&$Q15)} -> 0000 | AG13: {=IF(INDIRECT("$D"&(ROW(R13)+$F$1-1))=0,AG12,I16&$P16&$Q16)} -> 3930 | AH13: {=IF(INDIRECT("$D"&(ROW(R13)+$F$1-1))=0,AH12,I17&$P17&$Q17)} -> 0000 | AI13: {=IF(INDIRECT("$D"&(ROW(R13)+$F$1-1))=0,AI12,I18&$P18&$Q18)} -> 0000 | AJ13: {=TEXT($D13,"000")&TEXT(IFERROR(INDEX($D$5:$D$103,_xlfn.AGGREGATE(15,6,ROW($E$5:$E$103)/(($E$5:$E$103<>"p")*($E$5:$E$103<>"t")*(ROW($E$5:$E$103)>ROW($E13))),1)-ROW($E$5)+1),$D13),"000")} -> 049046 | AK13: =IF(K13="PASS",-1,500) -> -1 | AL13: {=IF(INDIRECT("$K"&(ROW(R13)+$F$1-1))="TERMINAL",1000489,489)*SIGN(AK13)} -> -489 | AM13: {=IF(INDIRECT("$D"&(ROW(R13)+$F$1-1))=0,AM12,$G13)} -> 4 | AN13: {=IF(INDIRECT("$D"&(ROW(R13)+$F$1-1))=0,AN12,$G14)} -> 1 | AO13: {=IF(INDIRECT("$D"&(ROW(R13)+$F$1-1))=0,AO12,$G15)} -> 0 | AP13: {=IF(INDIRECT("$D"&(ROW(R13)+$F$1-1))=0,AP12,$G16)} -> 6 | AQ13: {=IF(INDIRECT("$D"&(ROW(R13)+$F$1-1))=0,AQ12,$G17)} -> 0 | AR13: {=IF(INDIRECT("$D"&(ROW(R13)+$F$1-1))=0,AR12,$G18)} -> 0 | AS13: {=IF(INDIRECT("$D"&(ROW(AS13)+$F$1-1))=0,AS12+4,1)} -> 1 | AT13: {=IF(INDIRECT("$D"&(ROW(AT13)+$F$1-1))=0,AT12+4,2)} -> 2 | AU13: {=IF(INDIRECT("$D"&(ROW(AU13)+$F$1-1))=0,AU12+4,3)} -> 3 | AV13: {=IF(INDIRECT("$D"&(ROW(AV13)+$F$1-1))=0,AV12+4,4)} -> 4 | AW13: {=_xlfn.XLOOKUP(1,INDIRECT("J"&ROW(K13)+$F$1):J$103,INDIRECT("D"&ROW(K13)+$F$1):D$103,0,0,1)} -> 40 | AX13: =_xlfn.XLOOKUP(AW13,D$4:D$103,G$4:G$103,0,0,1) -> 8 | AY13: {=_xlfn.XLOOKUP(AW13,D$4:D$110,H$4:H$110&N$4:N$110&O$4:O$110,0,0,1)} -> 4630 | AZ13: {=_xlfn.XLOOKUP(AW13,D$4:D$110,I$4:I$110&P$4:P$110&Q$4:Q$110,0,0,1)} -> 4760 | BA13: {=_xlfn.XLOOKUP(1,J$4:J12,D$4:D12,0,0,-1)} -> 50 | BB13: =_xlfn.XLOOKUP(BA13,D$4:D$103,G$4:G$103,0,0,1) -> 3 | BC13: {=_xlfn.SWITCH(TRUE,_xlfn.XLOOKUP(BA13,D$4:D$110,TEXT(F$4:F$110,"HH"),0,0,1)="00",B11&"",_xlfn.XLOOKUP(BA13,D$4:D$110,TEXT(F$4:F$110,"HH"),0,0,1)="T","00",TRUE,_xlfn.XLOOKUP(BA13,D$4:D$110,TEXT(F$4:F$110,"HH"),0,0,1))} -> 11 | BD13: =BC13&_xlfn.XLOOKUP(BA13,D$4:D$110,P$4:P$110,"00",0,1)&_xlfn.XLOOKUP(BA13,D$4:D$110,Q$4:Q$110,"00",0,1) -> 113345
A14: 11 | B14: 東小金井 | C14: 195600 | D14: 48 | E14: p | G14: 1 | J14: =IF(F14<>"",1,0) -> 0 | K14: =IF(E13="着(hh:mm:ss)","start",IF(E14="p","pass",IF(OR(F14="t",K13="terminal"),"terminal","stop"))) -> pass | L14: {=_xlfn.SWITCH(TRUE,$K14="PASS",TEXT($B$1,"0000"),AND($K14="STOP",E14=""),TEXT($D$1,"0000"),$K13="TERMINAL","0000",TRUE,TEXT(E14,"MMSS"))} -> 6200 | M14: {=_xlfn.SWITCH(TRUE,$K14="PASS",TEXT($B$1,"0000"),AND($K14="STOP",F14=""),TEXT($D$1,"0000"),$K14="TERMINAL","0000",TRUE,TEXT(F14,"MMSS"))} -> 6200 | N14: {=_xlfn.SWITCH(TRUE,AND(LEFT(L14,2)="00",K14="TERMINAL"),"00",E14="",TEXT(LEFT($D$1,2),"00"),LEFT(L14,2)="00",$D$2&"",TRUE,LEFT(L14,2))} -> 62 | O14: {=_xlfn.SWITCH(TRUE,AND(N14="00",RIGHT(L14,2)="00",K14="TERMINAL"),"00",OR(E14="",N14=LEFT($B$1,2)),TEXT(RIGHT($D$1,2),"00"),RIGHT(L14,2)="00",$D$2&"",TRUE,RIGHT(L14,2))} -> 00 | P14: {=_xlfn.SWITCH(TRUE,AND(LEFT(M14,2)="00",K14="TERMINAL"),"00",F14="",TEXT(LEFT($D$1,2),"00"),LEFT(M14,2)="00",$D$2&"",TRUE,LEFT(M14,2))} -> 00 | Q14: {=_xlfn.SWITCH(TRUE,AND(RIGHT(M14,2)="00",K14="TERMINAL"),"00",F14="",TEXT(RIGHT($D$1,2),"00"),RIGHT(M14,2)="00",$D$2&"",TRUE,RIGHT(M14,2))} -> 00 | R14: {=IF(INDIRECT("$D"&(ROW(R14)+$F$1-1))=0,R13,$D14)} -> 48 | S14: {=IF(INDIRECT("$D"&(ROW(R14)+$F$1-1))=0,S13,$D15)} -> 47 | T14: {=IF(INDIRECT("$D"&(ROW(R14)+$F$1-1))=0,T13,$D16)} -> 46 | U14: {=IF(INDIRECT("$D"&(ROW(R14)+$F$1-1))=0,U13,$D17)} -> 45 | V14: {=IF(INDIRECT("$D"&(ROW(R14)+$F$1-1))=0,V13,$D18)} -> 44 | W14: {=IF(INDIRECT("$D"&(ROW(R14)+$F$1-1))=0,W13,$D19)} -> 43 | X14: {=IF(INDIRECT("$D"&(ROW(R14)+$F$1-1))=0,X12,$H14&$N14&$O14)} -> 6200 | Y14: {=IF(INDIRECT("$D"&(ROW(R14)+$F$1-1))=0,Y13,H15&$N15&$O15)} -> 6200 | Z14: {=IF(INDIRECT("$D"&(ROW(R14)+$F$1-1))=0,Z13,H16&$N16&$O16)} -> 3960 | AA14: {=IF(INDIRECT("$D"&(ROW(R14)+$F$1-1))=0,AA13,H17&$N17&$O17)} -> 6200 | AB14: {=IF(INDIRECT("$D"&(ROW(R14)+$F$1-1))=0,AB13,H18&$N18&$O18)} -> 6200 | AC14: {=IF(INDIRECT("$D"&(ROW(R14)+$F$1-1))=0,AC13,H19&$N19&$O19)} -> 6200 | AD14: {=IF(INDIRECT("$D"&(ROW(R14)+$F$1-1))=0,AD13,I14&$P14&$Q14)} -> 0000 | AE14: {=IF(INDIRECT("$D"&(ROW(R14)+$F$1-1))=0,AE13,I15&$P15&$Q15)} -> 0000 | AF14: {=IF(INDIRECT("$D"&(ROW(R14)+$F$1-1))=0,AF13,I16&$P16&$Q16)} -> 3930 | AG14: {=IF(INDIRECT("$D"&(ROW(R14)+$F$1-1))=0,AG13,I17&$P17&$Q17)} -> 0000 | AH14: {=IF(INDIRECT("$D"&(ROW(R14)+$F$1-1))=0,AH13,I18&$P18&$Q18)} -> 0000 | AI14: {=IF(INDIRECT("$D"&(ROW(R14)+$F$1-1))=0,AI13,I19&$P19&$Q19)} -> 0000 | AJ14: {=TEXT($D14,"000")&TEXT(IFERROR(INDEX($D$5:$D$103,_xlfn.AGGREGATE(15,6,ROW($E$5:$E$103)/(($E$5:$E$103<>"p")*($E$5:$E$103<>"t")*(ROW($E$5:$E$103)>ROW($E14))),1)-ROW($E$5)+1),$D14),"000")} -> 048046 | AK14: =IF(K14="PASS",-1,500) -> -1 | AL14: {=IF(INDIRECT("$K"&(ROW(R14)+$F$1-1))="TERMINAL",1000489,489)*SIGN(AK14)} -> -489 | AM14: {=IF(INDIRECT("$D"&(ROW(R14)+$F$1-1))=0,AM13,$G14)} -> 1 | AN14: {=IF(INDIRECT("$D"&(ROW(R14)+$F$1-1))=0,AN13,$G15)} -> 0 | AO14: {=IF(INDIRECT("$D"&(ROW(R14)+$F$1-1))=0,AO13,$G16)} -> 6 | AP14: {=IF(INDIRECT("$D"&(ROW(R14)+$F$1-1))=0,AP13,$G17)} -> 0 | AQ14: {=IF(INDIRECT("$D"&(ROW(R14)+$F$1-1))=0,AQ13,$G18)} -> 0 | AR14: {=IF(INDIRECT("$D"&(ROW(R14)+$F$1-1))=0,AR13,$G19)} -> 0 | AS14: {=IF(INDIRECT("$D"&(ROW(AS14)+$F$1-1))=0,AS13+4,1)} -> 1 | AT14: {=IF(INDIRECT("$D"&(ROW(AT14)+$F$1-1))=0,AT13+4,2)} -> 2 | AU14: {=IF(INDIRECT("$D"&(ROW(AU14)+$F$1-1))=0,AU13+4,3)} -> 3 | AV14: {=IF(INDIRECT("$D"&(ROW(AV14)+$F$1-1))=0,AV13+4,4)} -> 4 | AW14: {=_xlfn.XLOOKUP(1,INDIRECT("J"&ROW(K14)+$F$1):J$103,INDIRECT("D"&ROW(K14)+$F$1):D$103,0,0,1)} -> 40 | AX14: =_xlfn.XLOOKUP(AW14,D$4:D$103,G$4:G$103,0,0,1) -> 8 | AY14: {=_xlfn.XLOOKUP(AW14,D$4:D$110,H$4:H$110&N$4:N$110&O$4:O$110,0,0,1)} -> 4630 | AZ14: {=_xlfn.XLOOKUP(AW14,D$4:D$110,I$4:I$110&P$4:P$110&Q$4:Q$110,0,0,1)} -> 4760 | BA14: {=_xlfn.XLOOKUP(1,J$4:J13,D$4:D13,0,0,-1)} -> 50 | BB14: =_xlfn.XLOOKUP(BA14,D$4:D$103,G$4:G$103,0,0,1) -> 3 | BC14: {=_xlfn.SWITCH(TRUE,_xlfn.XLOOKUP(BA14,D$4:D$110,TEXT(F$4:F$110,"HH"),0,0,1)="00",B12&"",_xlfn.XLOOKUP(BA14,D$4:D$110,TEXT(F$4:F$110,"HH"),0,0,1)="T","00",TRUE,_xlfn.XLOOKUP(BA14,D$4:D$110,TEXT(F$4:F$110,"HH"),0,0,1))} -> 11 | BD14: =BC14&_xlfn.XLOOKUP(BA14,D$4:D$110,P$4:P$110,"00",0,1)&_xlfn.XLOOKUP(BA14,D$4:D$110,Q$4:Q$110,"00",0,1) -> 113345
A15: 12 | B15: 武蔵境 | C15: 197325 | D15: 47 | E15: p | J15: =IF(F15<>"",1,0) -> 0 | K15: =IF(E14="着(hh:mm:ss)","start",IF(E15="p","pass",IF(OR(F15="t",K14="terminal"),"terminal","stop"))) -> pass | L15: {=_xlfn.SWITCH(TRUE,$K15="PASS",TEXT($B$1,"0000"),AND($K15="STOP",E15=""),TEXT($D$1,"0000"),$K14="TERMINAL","0000",TRUE,TEXT(E15,"MMSS"))} -> 6200 | M15: {=_xlfn.SWITCH(TRUE,$K15="PASS",TEXT($B$1,"0000"),AND($K15="STOP",F15=""),TEXT($D$1,"0000"),$K15="TERMINAL","0000",TRUE,TEXT(F15,"MMSS"))} -> 6200 | N15: {=_xlfn.SWITCH(TRUE,AND(LEFT(L15,2)="00",K15="TERMINAL"),"00",E15="",TEXT(LEFT($D$1,2),"00"),LEFT(L15,2)="00",$D$2&"",TRUE,LEFT(L15,2))} -> 62 | O15: {=_xlfn.SWITCH(TRUE,AND(N15="00",RIGHT(L15,2)="00",K15="TERMINAL"),"00",OR(E15="",N15=LEFT($B$1,2)),TEXT(RIGHT($D$1,2),"00"),RIGHT(L15,2)="00",$D$2&"",TRUE,RIGHT(L15,2))} -> 00 | P15: {=_xlfn.SWITCH(TRUE,AND(LEFT(M15,2)="00",K15="TERMINAL"),"00",F15="",TEXT(LEFT($D$1,2),"00"),LEFT(M15,2)="00",$D$2&"",TRUE,LEFT(M15,2))} -> 00 | Q15: {=_xlfn.SWITCH(TRUE,AND(RIGHT(M15,2)="00",K15="TERMINAL"),"00",F15="",TEXT(RIGHT($D$1,2),"00"),RIGHT(M15,2)="00",$D$2&"",TRUE,RIGHT(M15,2))} -> 00 | R15: {=IF(INDIRECT("$D"&(ROW(R15)+$F$1-1))=0,R14,$D15)} -> 47 | S15: {=IF(INDIRECT("$D"&(ROW(R15)+$F$1-1))=0,S14,$D16)} -> 46 | T15: {=IF(INDIRECT("$D"&(ROW(R15)+$F$1-1))=0,T14,$D17)} -> 45 | U15: {=IF(INDIRECT("$D"&(ROW(R15)+$F$1-1))=0,U14,$D18)} -> 44 | V15: {=IF(INDIRECT("$D"&(ROW(R15)+$F$1-1))=0,V14,$D19)} -> 43 | W15: {=IF(INDIRECT("$D"&(ROW(R15)+$F$1-1))=0,W14,$D20)} -> 42 | X15: {=IF(INDIRECT("$D"&(ROW(R15)+$F$1-1))=0,X13,$H15&$N15&$O15)} -> 6200 | Y15: {=IF(INDIRECT("$D"&(ROW(R15)+$F$1-1))=0,Y14,H16&$N16&$O16)} -> 3960 | Z15: {=IF(INDIRECT("$D"&(ROW(R15)+$F$1-1))=0,Z14,H17&$N17&$O17)} -> 6200 | AA15: {=IF(INDIRECT("$D"&(ROW(R15)+$F$1-1))=0,AA14,H18&$N18&$O18)} -> 6200 | AB15: {=IF(INDIRECT("$D"&(ROW(R15)+$F$1-1))=0,AB14,H19&$N19&$O19)} -> 6200 | AC15: {=IF(INDIRECT("$D"&(ROW(R15)+$F$1-1))=0,AC14,H20&$N20&$O20)} -> 6200 | AD15: {=IF(INDIRECT("$D"&(ROW(R15)+$F$1-1))=0,AD14,I15&$P15&$Q15)} -> 0000 | AE15: {=IF(INDIRECT("$D"&(ROW(R15)+$F$1-1))=0,AE14,I16&$P16&$Q16)} -> 3930 | AF15: {=IF(INDIRECT("$D"&(ROW(R15)+$F$1-1))=0,AF14,I17&$P17&$Q17)} -> 0000 | AG15: {=IF(INDIRECT("$D"&(ROW(R15)+$F$1-1))=0,AG14,I18&$P18&$Q18)} -> 0000 | AH15: {=IF(INDIRECT("$D"&(ROW(R15)+$F$1-1))=0,AH14,I19&$P19&$Q19)} -> 0000 | AI15: {=IF(INDIRECT("$D"&(ROW(R15)+$F$1-1))=0,AI14,I20&$P20&$Q20)} -> 0000 | AJ15: {=TEXT($D15,"000")&TEXT(IFERROR(INDEX($D$5:$D$103,_xlfn.AGGREGATE(15,6,ROW($E$5:$E$103)/(($E$5:$E$103<>"p")*($E$5:$E$103<>"t")*(ROW($E$5:$E$103)>ROW($E15))),1)-ROW($E$5)+1),$D15),"000")} -> 047046 | AK15: =IF(K15="PASS",-1,500) -> -1 | AL15: {=IF(INDIRECT("$K"&(ROW(R15)+$F$1-1))="TERMINAL",1000489,489)*SIGN(AK15)} -> -489 | AM15: {=IF(INDIRECT("$D"&(ROW(R15)+$F$1-1))=0,AM14,$G15)} -> 0 | AN15: {=IF(INDIRECT("$D"&(ROW(R15)+$F$1-1))=0,AN14,$G16)} -> 6 | AO15: {=IF(INDIRECT("$D"&(ROW(R15)+$F$1-1))=0,AO14,$G17)} -> 0 | AP15: {=IF(INDIRECT("$D"&(ROW(R15)+$F$1-1))=0,AP14,$G18)} -> 0 | AQ15: {=IF(INDIRECT("$D"&(ROW(R15)+$F$1-1))=0,AQ14,$G19)} -> 0 | AR15: {=IF(INDIRECT("$D"&(ROW(R15)+$F$1-1))=0,AR14,$G20)} -> 0 | AS15: {=IF(INDIRECT("$D"&(ROW(AS15)+$F$1-1))=0,AS14+4,1)} -> 1 | AT15: {=IF(INDIRECT("$D"&(ROW(AT15)+$F$1-1))=0,AT14+4,2)} -> 2 | AU15: {=IF(INDIRECT("$D"&(ROW(AU15)+$F$1-1))=0,AU14+4,3)} -> 3 | AV15: {=IF(INDIRECT("$D"&(ROW(AV15)+$F$1-1))=0,AV14+4,4)} -> 4 | AW15: {=_xlfn.XLOOKUP(1,INDIRECT("J"&ROW(K15)+$F$1):J$103,INDIRECT("D"&ROW(K15)+$F$1):D$103,0,0,1)} -> 40 | AX15: =_xlfn.XLOOKUP(AW15,D$4:D$103,G$4:G$103,0,0,1) -> 8 | AY15: {=_xlfn.XLOOKUP(AW15,D$4:D$110,H$4:H$110&N$4:N$110&O$4:O$110,0,0,1)} -> 4630 | AZ15: {=_xlfn.XLOOKUP(AW15,D$4:D$110,I$4:I$110&P$4:P$110&Q$4:Q$110,0,0,1)} -> 4760 | BA15: {=_xlfn.XLOOKUP(1,J$4:J14,D$4:D14,0,0,-1)} -> 50 | BB15: =_xlfn.XLOOKUP(BA15,D$4:D$103,G$4:G$103,0,0,1) -> 3 | BC15: {=_xlfn.SWITCH(TRUE,_xlfn.XLOOKUP(BA15,D$4:D$110,TEXT(F$4:F$110,"HH"),0,0,1)="00",B13&"",_xlfn.XLOOKUP(BA15,D$4:D$110,TEXT(F$4:F$110,"HH"),0,0,1)="T","00",TRUE,_xlfn.XLOOKUP(BA15,D$4:D$110,TEXT(F$4:F$110,"HH"),0,0,1))} -> 11 | BD15: =BC15&_xlfn.XLOOKUP(BA15,D$4:D$110,P$4:P$110,"00",0,1)&_xlfn.XLOOKUP(BA15,D$4:D$110,Q$4:Q$110,"00",0,1) -> 113345
A16: 13 | B16: 三鷹 | C16: 198925 | D16: 46 | E16: 0.48541667 | F16: 0.48576389 | G16: 6 | J16: =IF(F16<>"",1,0) -> 1 | K16: =IF(E15="着(hh:mm:ss)","start",IF(E16="p","pass",IF(OR(F16="t",K15="terminal"),"terminal","stop"))) -> stop | L16: {=_xlfn.SWITCH(TRUE,$K16="PASS",TEXT($B$1,"0000"),AND($K16="STOP",E16=""),TEXT($D$1,"0000"),$K15="TERMINAL","0000",TRUE,TEXT(E16,"MMSS"))} -> 3900 | M16: {=_xlfn.SWITCH(TRUE,$K16="PASS",TEXT($B$1,"0000"),AND($K16="STOP",F16=""),TEXT($D$1,"0000"),$K16="TERMINAL","0000",TRUE,TEXT(F16,"MMSS"))} -> 3930 | N16: {=_xlfn.SWITCH(TRUE,AND(LEFT(L16,2)="00",K16="TERMINAL"),"00",E16="",TEXT(LEFT($D$1,2),"00"),LEFT(L16,2)="00",$D$2&"",TRUE,LEFT(L16,2))} -> 39 | O16: {=_xlfn.SWITCH(TRUE,AND(N16="00",RIGHT(L16,2)="00",K16="TERMINAL"),"00",OR(E16="",N16=LEFT($B$1,2)),TEXT(RIGHT($D$1,2),"00"),RIGHT(L16,2)="00",$D$2&"",TRUE,RIGHT(L16,2))} -> 60 | P16: {=_xlfn.SWITCH(TRUE,AND(LEFT(M16,2)="00",K16="TERMINAL"),"00",F16="",TEXT(LEFT($D$1,2),"00"),LEFT(M16,2)="00",$D$2&"",TRUE,LEFT(M16,2))} -> 39 | Q16: {=_xlfn.SWITCH(TRUE,AND(RIGHT(M16,2)="00",K16="TERMINAL"),"00",F16="",TEXT(RIGHT($D$1,2),"00"),RIGHT(M16,2)="00",$D$2&"",TRUE,RIGHT(M16,2))} -> 30 | R16: {=IF(INDIRECT("$D"&(ROW(R16)+$F$1-1))=0,R15,$D16)} -> 46 | S16: {=IF(INDIRECT("$D"&(ROW(R16)+$F$1-1))=0,S15,$D17)} -> 45 | T16: {=IF(INDIRECT("$D"&(ROW(R16)+$F$1-1))=0,T15,$D18)} -> 44 | U16: {=IF(INDIRECT("$D"&(ROW(R16)+$F$1-1))=0,U15,$D19)} -> 43 | V16: {=IF(INDIRECT("$D"&(ROW(R16)+$F$1-1))=0,V15,$D20)} -> 42 | W16: {=IF(INDIRECT("$D"&(ROW(R16)+$F$1-1))=0,W15,$D21)} -> 41 | X16: {=IF(INDIRECT("$D"&(ROW(R16)+$F$1-1))=0,X14,$H16&$N16&$O16)} -> 3960 | Y16: {=IF(INDIRECT("$D"&(ROW(R16)+$F$1-1))=0,Y15,H17&$N17&$O17)} -> 6200 | Z16: {=IF(INDIRECT("$D"&(ROW(R16)+$F$1-1))=0,Z15,H18&$N18&$O18)} -> 6200 | AA16: {=IF(INDIRECT("$D"&(ROW(R16)+$F$1-1))=0,AA15,H19&$N19&$O19)} -> 6200 | AB16: {=IF(INDIRECT("$D"&(ROW(R16)+$F$1-1))=0,AB15,H20&$N20&$O20)} -> 6200 | AC16: {=IF(INDIRECT("$D"&(ROW(R16)+$F$1-1))=0,AC15,H21&$N21&$O21)} -> 6200 | AD16: {=IF(INDIRECT("$D"&(ROW(R16)+$F$1-1))=0,AD15,I16&$P16&$Q16)} -> 3930 | AE16: {=IF(INDIRECT("$D"&(ROW(R16)+$F$1-1))=0,AE15,I17&$P17&$Q17)} -> 0000 | AF16: {=IF(INDIRECT("$D"&(ROW(R16)+$F$1-1))=0,AF15,I18&$P18&$Q18)} -> 0000 | AG16: {=IF(INDIRECT("$D"&(ROW(R16)+$F$1-1))=0,AG15,I19&$P19&$Q19)} -> 0000 | AH16: {=IF(INDIRECT("$D"&(ROW(R16)+$F$1-1))=0,AH15,I20&$P20&$Q20)} -> 0000 | AI16: {=IF(INDIRECT("$D"&(ROW(R16)+$F$1-1))=0,AI15,I21&$P21&$Q21)} -> 0000 | AJ16: {=TEXT($D16,"000")&TEXT(IFERROR(INDEX($D$5:$D$103,_xlfn.AGGREGATE(15,6,ROW($E$5:$E$103)/(($E$5:$E$103<>"p")*($E$5:$E$103<>"t")*(ROW($E$5:$E$103)>ROW($E16))),1)-ROW($E$5)+1),$D16),"000")} -> 046040 | AK16: =IF(K16="PASS",-1,500) -> 500 | AL16: {=IF(INDIRECT("$K"&(ROW(R16)+$F$1-1))="TERMINAL",1000489,489)*SIGN(AK16)} -> 489 | AM16: {=IF(INDIRECT("$D"&(ROW(R16)+$F$1-1))=0,AM15,$G16)} -> 6 | AN16: {=IF(INDIRECT("$D"&(ROW(R16)+$F$1-1))=0,AN15,$G17)} -> 0 | AO16: {=IF(INDIRECT("$D"&(ROW(R16)+$F$1-1))=0,AO15,$G18)} -> 0 | AP16: {=IF(INDIRECT("$D"&(ROW(R16)+$F$1-1))=0,AP15,$G19)} -> 0 | AQ16: {=IF(INDIRECT("$D"&(ROW(R16)+$F$1-1))=0,AQ15,$G20)} -> 0 | AR16: {=IF(INDIRECT("$D"&(ROW(R16)+$F$1-1))=0,AR15,$G21)} -> 0 | AS16: {=IF(INDIRECT("$D"&(ROW(AS16)+$F$1-1))=0,AS15+4,1)} -> 1 | AT16: {=IF(INDIRECT("$D"&(ROW(AT16)+$F$1-1))=0,AT15+4,2)} -> 2 | AU16: {=IF(INDIRECT("$D"&(ROW(AU16)+$F$1-1))=0,AU15+4,3)} -> 3 | AV16: {=IF(INDIRECT("$D"&(ROW(AV16)+$F$1-1))=0,AV15+4,4)} -> 4 | AW16: {=_xlfn.XLOOKUP(1,INDIRECT("J"&ROW(K16)+$F$1):J$103,INDIRECT("D"&ROW(K16)+$F$1):D$103,0,0,1)} -> 40 | AX16: =_xlfn.XLOOKUP(AW16,D$4:D$103,G$4:G$103,0,0,1) -> 8 | AY16: {=_xlfn.XLOOKUP(AW16,D$4:D$110,H$4:H$110&N$4:N$110&O$4:O$110,0,0,1)} -> 4630 | AZ16: {=_xlfn.XLOOKUP(AW16,D$4:D$110,I$4:I$110&P$4:P$110&Q$4:Q$110,0,0,1)} -> 4760 | BA16: {=_xlfn.XLOOKUP(1,J$4:J15,D$4:D15,0,0,-1)} -> 50 | BB16: =_xlfn.XLOOKUP(BA16,D$4:D$103,G$4:G$103,0,0,1) -> 3 | BC16: {=_xlfn.SWITCH(TRUE,_xlfn.XLOOKUP(BA16,D$4:D$110,TEXT(F$4:F$110,"HH"),0,0,1)="00",B14&"",_xlfn.XLOOKUP(BA16,D$4:D$110,TEXT(F$4:F$110,"HH"),0,0,1)="T","00",TRUE,_xlfn.XLOOKUP(BA16,D$4:D$110,TEXT(F$4:F$110,"HH"),0,0,1))} -> 11 | BD16: =BC16&_xlfn.XLOOKUP(BA16,D$4:D$110,P$4:P$110,"00",0,1)&_xlfn.XLOOKUP(BA16,D$4:D$110,Q$4:Q$110,"00",0,1) -> 113345
A17: 14 | B17: 吉祥寺 | C17: 200475 | D17: 45 | E17: p | J17: =IF(F17<>"",1,0) -> 0 | K17: =IF(E16="着(hh:mm:ss)","start",IF(E17="p","pass",IF(OR(F17="t",K16="terminal"),"terminal","stop"))) -> pass | L17: {=_xlfn.SWITCH(TRUE,$K17="PASS",TEXT($B$1,"0000"),AND($K17="STOP",E17=""),TEXT($D$1,"0000"),$K16="TERMINAL","0000",TRUE,TEXT(E17,"MMSS"))} -> 6200 | M17: {=_xlfn.SWITCH(TRUE,$K17="PASS",TEXT($B$1,"0000"),AND($K17="STOP",F17=""),TEXT($D$1,"0000"),$K17="TERMINAL","0000",TRUE,TEXT(F17,"MMSS"))} -> 6200 | N17: {=_xlfn.SWITCH(TRUE,AND(LEFT(L17,2)="00",K17="TERMINAL"),"00",E17="",TEXT(LEFT($D$1,2),"00"),LEFT(L17,2)="00",$D$2&"",TRUE,LEFT(L17,2))} -> 62 | O17: {=_xlfn.SWITCH(TRUE,AND(N17="00",RIGHT(L17,2)="00",K17="TERMINAL"),"00",OR(E17="",N17=LEFT($B$1,2)),TEXT(RIGHT($D$1,2),"00"),RIGHT(L17,2)="00",$D$2&"",TRUE,RIGHT(L17,2))} -> 00 | P17: {=_xlfn.SWITCH(TRUE,AND(LEFT(M17,2)="00",K17="TERMINAL"),"00",F17="",TEXT(LEFT($D$1,2),"00"),LEFT(M17,2)="00",$D$2&"",TRUE,LEFT(M17,2))} -> 00 | Q17: {=_xlfn.SWITCH(TRUE,AND(RIGHT(M17,2)="00",K17="TERMINAL"),"00",F17="",TEXT(RIGHT($D$1,2),"00"),RIGHT(M17,2)="00",$D$2&"",TRUE,RIGHT(M17,2))} -> 00 | R17: {=IF(INDIRECT("$D"&(ROW(R17)+$F$1-1))=0,R16,$D17)} -> 45 | S17: {=IF(INDIRECT("$D"&(ROW(R17)+$F$1-1))=0,S16,$D18)} -> 44 | T17: {=IF(INDIRECT("$D"&(ROW(R17)+$F$1-1))=0,T16,$D19)} -> 43 | U17: {=IF(INDIRECT("$D"&(ROW(R17)+$F$1-1))=0,U16,$D20)} -> 42 | V17: {=IF(INDIRECT("$D"&(ROW(R17)+$F$1-1))=0,V16,$D21)} -> 41 | W17: {=IF(INDIRECT("$D"&(ROW(R17)+$F$1-1))=0,W16,$D22)} -> 40 | X17: {=IF(INDIRECT("$D"&(ROW(R17)+$F$1-1))=0,X15,$H17&$N17&$O17)} -> 6200 | Y17: {=IF(INDIRECT("$D"&(ROW(R17)+$F$1-1))=0,Y16,H18&$N18&$O18)} -> 6200 | Z17: {=IF(INDIRECT("$D"&(ROW(R17)+$F$1-1))=0,Z16,H19&$N19&$O19)} -> 6200 | AA17: {=IF(INDIRECT("$D"&(ROW(R17)+$F$1-1))=0,AA16,H20&$N20&$O20)} -> 6200 | AB17: {=IF(INDIRECT("$D"&(ROW(R17)+$F$1-1))=0,AB16,H21&$N21&$O21)} -> 6200 | AC17: {=IF(INDIRECT("$D"&(ROW(R17)+$F$1-1))=0,AC16,H22&$N22&$O22)} -> 4630 | AD17: {=IF(INDIRECT("$D"&(ROW(R17)+$F$1-1))=0,AD16,I17&$P17&$Q17)} -> 0000 | AE17: {=IF(INDIRECT("$D"&(ROW(R17)+$F$1-1))=0,AE16,I18&$P18&$Q18)} -> 0000 | AF17: {=IF(INDIRECT("$D"&(ROW(R17)+$F$1-1))=0,AF16,I19&$P19&$Q19)} -> 0000 | AG17: {=IF(INDIRECT("$D"&(ROW(R17)+$F$1-1))=0,AG16,I20&$P20&$Q20)} -> 0000 | AH17: {=IF(INDIRECT("$D"&(ROW(R17)+$F$1-1))=0,AH16,I21&$P21&$Q21)} -> 0000 | AI17: {=IF(INDIRECT("$D"&(ROW(R17)+$F$1-1))=0,AI16,I22&$P22&$Q22)} -> 4760 | AJ17: {=TEXT($D17,"000")&TEXT(IFERROR(INDEX($D$5:$D$103,_xlfn.AGGREGATE(15,6,ROW($E$5:$E$103)/(($E$5:$E$103<>"p")*($E$5:$E$103<>"t")*(ROW($E$5:$E$103)>ROW($E17))),1)-ROW($E$5)+1),$D17),"000")} -> 045040 | AK17: =IF(K17="PASS",-1,500) -> -1 | AL17: {=IF(INDIRECT("$K"&(ROW(R17)+$F$1-1))="TERMINAL",1000489,489)*SIGN(AK17)} -> -489 | AM17: {=IF(INDIRECT("$D"&(ROW(R17)+$F$1-1))=0,AM16,$G17)} -> 0 | AN17: {=IF(INDIRECT("$D"&(ROW(R17)+$F$1-1))=0,AN16,$G18)} -> 0 | AO17: {=IF(INDIRECT("$D"&(ROW(R17)+$F$1-1))=0,AO16,$G19)} -> 0 | AP17: {=IF(INDIRECT("$D"&(ROW(R17)+$F$1-1))=0,AP16,$G20)} -> 0 | AQ17: {=IF(INDIRECT("$D"&(ROW(R17)+$F$1-1))=0,AQ16,$G21)} -> 0 | AR17: {=IF(INDIRECT("$D"&(ROW(R17)+$F$1-1))=0,AR16,$G22)} -> 8 | AS17: {=IF(INDIRECT("$D"&(ROW(AS17)+$F$1-1))=0,AS16+4,1)} -> 1 | AT17: {=IF(INDIRECT("$D"&(ROW(AT17)+$F$1-1))=0,AT16+4,2)} -> 2 | AU17: {=IF(INDIRECT("$D"&(ROW(AU17)+$F$1-1))=0,AU16+4,3)} -> 3 | AV17: {=IF(INDIRECT("$D"&(ROW(AV17)+$F$1-1))=0,AV16+4,4)} -> 4 | AW17: {=_xlfn.XLOOKUP(1,INDIRECT("J"&ROW(K17)+$F$1):J$103,INDIRECT("D"&ROW(K17)+$F$1):D$103,0,0,1)} -> 40 | AX17: =_xlfn.XLOOKUP(AW17,D$4:D$103,G$4:G$103,0,0,1) -> 8 | AY17: {=_xlfn.XLOOKUP(AW17,D$4:D$110,H$4:H$110&N$4:N$110&O$4:O$110,0,0,1)} -> 4630 | AZ17: {=_xlfn.XLOOKUP(AW17,D$4:D$110,I$4:I$110&P$4:P$110&Q$4:Q$110,0,0,1)} -> 4760 | BA17: {=_xlfn.XLOOKUP(1,J$4:J16,D$4:D16,0,0,-1)} -> 46 | BB17: =_xlfn.XLOOKUP(BA17,D$4:D$103,G$4:G$103,0,0,1) -> 6 | BC17: {=_xlfn.SWITCH(TRUE,_xlfn.XLOOKUP(BA17,D$4:D$110,TEXT(F$4:F$110,"HH"),0,0,1)="00",B15&"",_xlfn.XLOOKUP(BA17,D$4:D$110,TEXT(F$4:F$110,"HH"),0,0,1)="T","00",TRUE,_xlfn.XLOOKUP(BA17,D$4:D$110,TEXT(F$4:F$110,"HH"),0,0,1))} -> 11 | BD17: =BC17&_xlfn.XLOOKUP(BA17,D$4:D$110,P$4:P$110,"00",0,1)&_xlfn.XLOOKUP(BA17,D$4:D$110,Q$4:Q$110,"00",0,1) -> 113930
A18: 15 | B18: 西荻窪 | C18: 202075 | D18: 44 | E18: p | J18: =IF(F18<>"",1,0) -> 0 | K18: =IF(E17="着(hh:mm:ss)","start",IF(E18="p","pass",IF(OR(F18="t",K17="terminal"),"terminal","stop"))) -> pass | L18: {=_xlfn.SWITCH(TRUE,$K18="PASS",TEXT($B$1,"0000"),AND($K18="STOP",E18=""),TEXT($D$1,"0000"),$K17="TERMINAL","0000",TRUE,TEXT(E18,"MMSS"))} -> 6200 | M18: {=_xlfn.SWITCH(TRUE,$K18="PASS",TEXT($B$1,"0000"),AND($K18="STOP",F18=""),TEXT($D$1,"0000"),$K18="TERMINAL","0000",TRUE,TEXT(F18,"MMSS"))} -> 6200 | N18: {=_xlfn.SWITCH(TRUE,AND(LEFT(L18,2)="00",K18="TERMINAL"),"00",E18="",TEXT(LEFT($D$1,2),"00"),LEFT(L18,2)="00",$D$2&"",TRUE,LEFT(L18,2))} -> 62 | O18: {=_xlfn.SWITCH(TRUE,AND(N18="00",RIGHT(L18,2)="00",K18="TERMINAL"),"00",OR(E18="",N18=LEFT($B$1,2)),TEXT(RIGHT($D$1,2),"00"),RIGHT(L18,2)="00",$D$2&"",TRUE,RIGHT(L18,2))} -> 00 | P18: {=_xlfn.SWITCH(TRUE,AND(LEFT(M18,2)="00",K18="TERMINAL"),"00",F18="",TEXT(LEFT($D$1,2),"00"),LEFT(M18,2)="00",$D$2&"",TRUE,LEFT(M18,2))} -> 00 | Q18: {=_xlfn.SWITCH(TRUE,AND(RIGHT(M18,2)="00",K18="TERMINAL"),"00",F18="",TEXT(RIGHT($D$1,2),"00"),RIGHT(M18,2)="00",$D$2&"",TRUE,RIGHT(M18,2))} -> 00 | R18: {=IF(INDIRECT("$D"&(ROW(R18)+$F$1-1))=0,R17,$D18)} -> 44 | S18: {=IF(INDIRECT("$D"&(ROW(R18)+$F$1-1))=0,S17,$D19)} -> 43 | T18: {=IF(INDIRECT("$D"&(ROW(R18)+$F$1-1))=0,T17,$D20)} -> 42 | U18: {=IF(INDIRECT("$D"&(ROW(R18)+$F$1-1))=0,U17,$D21)} -> 41 | V18: {=IF(INDIRECT("$D"&(ROW(R18)+$F$1-1))=0,V17,$D22)} -> 40 | W18: {=IF(INDIRECT("$D"&(ROW(R18)+$F$1-1))=0,W17,$D23)} -> 39 | X18: {=IF(INDIRECT("$D"&(ROW(R18)+$F$1-1))=0,X16,$H18&$N18&$O18)} -> 6200 | Y18: {=IF(INDIRECT("$D"&(ROW(R18)+$F$1-1))=0,Y17,H19&$N19&$O19)} -> 6200 | Z18: {=IF(INDIRECT("$D"&(ROW(R18)+$F$1-1))=0,Z17,H20&$N20&$O20)} -> 6200 | AA18: {=IF(INDIRECT("$D"&(ROW(R18)+$F$1-1))=0,AA17,H21&$N21&$O21)} -> 6200 | AB18: {=IF(INDIRECT("$D"&(ROW(R18)+$F$1-1))=0,AB17,H22&$N22&$O22)} -> 4630 | AC18: {=IF(INDIRECT("$D"&(ROW(R18)+$F$1-1))=0,AC17,H23&$N23&$O23)} -> 5160 | AD18: {=IF(INDIRECT("$D"&(ROW(R18)+$F$1-1))=0,AD17,I18&$P18&$Q18)} -> 0000 | AE18: {=IF(INDIRECT("$D"&(ROW(R18)+$F$1-1))=0,AE17,I19&$P19&$Q19)} -> 0000 | AF18: {=IF(INDIRECT("$D"&(ROW(R18)+$F$1-1))=0,AF17,I20&$P20&$Q20)} -> 0000 | AG18: {=IF(INDIRECT("$D"&(ROW(R18)+$F$1-1))=0,AG17,I21&$P21&$Q21)} -> 0000 | AH18: {=IF(INDIRECT("$D"&(ROW(R18)+$F$1-1))=0,AH17,I22&$P22&$Q22)} -> 4760 | AI18: {=IF(INDIRECT("$D"&(ROW(R18)+$F$1-1))=0,AI17,I23&$P23&$Q23)} -> 5130 | AJ18: {=TEXT($D18,"000")&TEXT(IFERROR(INDEX($D$5:$D$103,_xlfn.AGGREGATE(15,6,ROW($E$5:$E$103)/(($E$5:$E$103<>"p")*($E$5:$E$103<>"t")*(ROW($E$5:$E$103)>ROW($E18))),1)-ROW($E$5)+1),$D18),"000")} -> 044040 | AK18: =IF(K18="PASS",-1,500) -> -1 | AL18: {=IF(INDIRECT("$K"&(ROW(R18)+$F$1-1))="TERMINAL",1000489,489)*SIGN(AK18)} -> -489 | AM18: {=IF(INDIRECT("$D"&(ROW(R18)+$F$1-1))=0,AM17,$G18)} -> 0 | AN18: {=IF(INDIRECT("$D"&(ROW(R18)+$F$1-1))=0,AN17,$G19)} -> 0 | AO18: {=IF(INDIRECT("$D"&(ROW(R18)+$F$1-1))=0,AO17,$G20)} -> 0 | AP18: {=IF(INDIRECT("$D"&(ROW(R18)+$F$1-1))=0,AP17,$G21)} -> 0 | AQ18: {=IF(INDIRECT("$D"&(ROW(R18)+$F$1-1))=0,AQ17,$G22)} -> 8 | AR18: {=IF(INDIRECT("$D"&(ROW(R18)+$F$1-1))=0,AR17,$G23)} -> 8 | AS18: {=IF(INDIRECT("$D"&(ROW(AS18)+$F$1-1))=0,AS17+4,1)} -> 1 | AT18: {=IF(INDIRECT("$D"&(ROW(AT18)+$F$1-1))=0,AT17+4,2)} -> 2 | AU18: {=IF(INDIRECT("$D"&(ROW(AU18)+$F$1-1))=0,AU17+4,3)} -> 3 | AV18: {=IF(INDIRECT("$D"&(ROW(AV18)+$F$1-1))=0,AV17+4,4)} -> 4 | AW18: {=_xlfn.XLOOKUP(1,INDIRECT("J"&ROW(K18)+$F$1):J$103,INDIRECT("D"&ROW(K18)+$F$1):D$103,0,0,1)} -> 39 | AX18: =_xlfn.XLOOKUP(AW18,D$4:D$103,G$4:G$103,0,0,1) -> 8 | AY18: {=_xlfn.XLOOKUP(AW18,D$4:D$110,H$4:H$110&N$4:N$110&O$4:O$110,0,0,1)} -> 5160 | AZ18: {=_xlfn.XLOOKUP(AW18,D$4:D$110,I$4:I$110&P$4:P$110&Q$4:Q$110,0,0,1)} -> 5130 | BA18: {=_xlfn.XLOOKUP(1,J$4:J17,D$4:D17,0,0,-1)} -> 46 | BB18: =_xlfn.XLOOKUP(BA18,D$4:D$103,G$4:G$103,0,0,1) -> 6 | BC18: {=_xlfn.SWITCH(TRUE,_xlfn.XLOOKUP(BA18,D$4:D$110,TEXT(F$4:F$110,"HH"),0,0,1)="00",B16&"",_xlfn.XLOOKUP(BA18,D$4:D$110,TEXT(F$4:F$110,"HH"),0,0,1)="T","00",TRUE,_xlfn.XLOOKUP(BA18,D$4:D$110,TEXT(F$4:F$110,"HH"),0,0,1))} -> 11 | BD18: =BC18&_xlfn.XLOOKUP(BA18,D$4:D$110,P$4:P$110,"00",0,1)&_xlfn.XLOOKUP(BA18,D$4:D$110,Q$4:Q$110,"00",0,1) -> 113930
A19: 16 | B19: 荻窪 | C19: 203845 | D19: 43 | E19: p | J19: =IF(F19<>"",1,0) -> 0 | K19: =IF(E18="着(hh:mm:ss)","start",IF(E19="p","pass",IF(OR(F19="t",K18="terminal"),"terminal","stop"))) -> pass | L19: {=_xlfn.SWITCH(TRUE,$K19="PASS",TEXT($B$1,"0000"),AND($K19="STOP",E19=""),TEXT($D$1,"0000"),$K18="TERMINAL","0000",TRUE,TEXT(E19,"MMSS"))} -> 6200 | M19: {=_xlfn.SWITCH(TRUE,$K19="PASS",TEXT($B$1,"0000"),AND($K19="STOP",F19=""),TEXT($D$1,"0000"),$K19="TERMINAL","0000",TRUE,TEXT(F19,"MMSS"))} -> 6200 | N19: {=_xlfn.SWITCH(TRUE,AND(LEFT(L19,2)="00",K19="TERMINAL"),"00",E19="",TEXT(LEFT($D$1,2),"00"),LEFT(L19,2)="00",$D$2&"",TRUE,LEFT(L19,2))} -> 62 | O19: {=_xlfn.SWITCH(TRUE,AND(N19="00",RIGHT(L19,2)="00",K19="TERMINAL"),"00",OR(E19="",N19=LEFT($B$1,2)),TEXT(RIGHT($D$1,2),"00"),RIGHT(L19,2)="00",$D$2&"",TRUE,RIGHT(L19,2))} -> 00 | P19: {=_xlfn.SWITCH(TRUE,AND(LEFT(M19,2)="00",K19="TERMINAL"),"00",F19="",TEXT(LEFT($D$1,2),"00"),LEFT(M19,2)="00",$D$2&"",TRUE,LEFT(M19,2))} -> 00 | Q19: {=_xlfn.SWITCH(TRUE,AND(RIGHT(M19,2)="00",K19="TERMINAL"),"00",F19="",TEXT(RIGHT($D$1,2),"00"),RIGHT(M19,2)="00",$D$2&"",TRUE,RIGHT(M19,2))} -> 00 | R19: {=IF(INDIRECT("$D"&(ROW(R19)+$F$1-1))=0,R18,$D19)} -> 43 | S19: {=IF(INDIRECT("$D"&(ROW(R19)+$F$1-1))=0,S18,$D20)} -> 42 | T19: {=IF(INDIRECT("$D"&(ROW(R19)+$F$1-1))=0,T18,$D21)} -> 41 | U19: {=IF(INDIRECT("$D"&(ROW(R19)+$F$1-1))=0,U18,$D22)} -> 40 | V19: {=IF(INDIRECT("$D"&(ROW(R19)+$F$1-1))=0,V18,$D23)} -> 39 | W19: {=IF(INDIRECT("$D"&(ROW(R19)+$F$1-1))=0,W18,$D24)} -> 38 | X19: {=IF(INDIRECT("$D"&(ROW(R19)+$F$1-1))=0,X17,$H19&$N19&$O19)} -> 6200 | Y19: {=IF(INDIRECT("$D"&(ROW(R19)+$F$1-1))=0,Y18,H20&$N20&$O20)} -> 6200 | Z19: {=IF(INDIRECT("$D"&(ROW(R19)+$F$1-1))=0,Z18,H21&$N21&$O21)} -> 6200 | AA19: {=IF(INDIRECT("$D"&(ROW(R19)+$F$1-1))=0,AA18,H22&$N22&$O22)} -> 4630 | AB19: {=IF(INDIRECT("$D"&(ROW(R19)+$F$1-1))=0,AB18,H23&$N23&$O23)} -> 5160 | AC19: {=IF(INDIRECT("$D"&(ROW(R19)+$F$1-1))=0,AC18,H24&$N24&$O24)} -> 5530 | AD19: {=IF(INDIRECT("$D"&(ROW(R19)+$F$1-1))=0,AD18,I19&$P19&$Q19)} -> 0000 | AE19: {=IF(INDIRECT("$D"&(ROW(R19)+$F$1-1))=0,AE18,I20&$P20&$Q20)} -> 0000 | AF19: {=IF(INDIRECT("$D"&(ROW(R19)+$F$1-1))=0,AF18,I21&$P21&$Q21)} -> 0000 | AG19: {=IF(INDIRECT("$D"&(ROW(R19)+$F$1-1))=0,AG18,I22&$P22&$Q22)} -> 4760 | AH19: {=IF(INDIRECT("$D"&(ROW(R19)+$F$1-1))=0,AH18,I23&$P23&$Q23)} -> 5130 | AI19: {=IF(INDIRECT("$D"&(ROW(R19)+$F$1-1))=0,AI18,I24&$P24&$Q24)} -> 5660 | AJ19: {=TEXT($D19,"000")&TEXT(IFERROR(INDEX($D$5:$D$103,_xlfn.AGGREGATE(15,6,ROW($E$5:$E$103)/(($E$5:$E$103<>"p")*($E$5:$E$103<>"t")*(ROW($E$5:$E$103)>ROW($E19))),1)-ROW($E$5)+1),$D19),"000")} -> 043040 | AK19: =IF(K19="PASS",-1,500) -> -1 | AL19: {=IF(INDIRECT("$K"&(ROW(R19)+$F$1-1))="TERMINAL",1000489,489)*SIGN(AK19)} -> -489 | AM19: {=IF(INDIRECT("$D"&(ROW(R19)+$F$1-1))=0,AM18,$G19)} -> 0 | AN19: {=IF(INDIRECT("$D"&(ROW(R19)+$F$1-1))=0,AN18,$G20)} -> 0 | AO19: {=IF(INDIRECT("$D"&(ROW(R19)+$F$1-1))=0,AO18,$G21)} -> 0 | AP19: {=IF(INDIRECT("$D"&(ROW(R19)+$F$1-1))=0,AP18,$G22)} -> 8 | AQ19: {=IF(INDIRECT("$D"&(ROW(R19)+$F$1-1))=0,AQ18,$G23)} -> 8 | AR19: {=IF(INDIRECT("$D"&(ROW(R19)+$F$1-1))=0,AR18,$G24)} -> 0 | AS19: {=IF(INDIRECT("$D"&(ROW(AS19)+$F$1-1))=0,AS18+4,1)} -> 1 | AT19: {=IF(INDIRECT("$D"&(ROW(AT19)+$F$1-1))=0,AT18+4,2)} -> 2 | AU19: {=IF(INDIRECT("$D"&(ROW(AU19)+$F$1-1))=0,AU18+4,3)} -> 3 | AV19: {=IF(INDIRECT("$D"&(ROW(AV19)+$F$1-1))=0,AV18+4,4)} -> 4 | AW19: {=_xlfn.XLOOKUP(1,INDIRECT("J"&ROW(K19)+$F$1):J$103,INDIRECT("D"&ROW(K19)+$F$1):D$103,0,0,1)} -> 38 | AX19: =_xlfn.XLOOKUP(AW19,D$4:D$103,G$4:G$103,0,0,1) -> 0 | AY19: {=_xlfn.XLOOKUP(AW19,D$4:D$110,H$4:H$110&N$4:N$110&O$4:O$110,0,0,1)} -> 5530 | AZ19: {=_xlfn.XLOOKUP(AW19,D$4:D$110,I$4:I$110&P$4:P$110&Q$4:Q$110,0,0,1)} -> 5660 | BA19: {=_xlfn.XLOOKUP(1,J$4:J18,D$4:D18,0,0,-1)} -> 46 | BB19: =_xlfn.XLOOKUP(BA19,D$4:D$103,G$4:G$103,0,0,1) -> 6 | BC19: {=_xlfn.SWITCH(TRUE,_xlfn.XLOOKUP(BA19,D$4:D$110,TEXT(F$4:F$110,"HH"),0,0,1)="00",B17&"",_xlfn.XLOOKUP(BA19,D$4:D$110,TEXT(F$4:F$110,"HH"),0,0,1)="T","00",TRUE,_xlfn.XLOOKUP(BA19,D$4:D$110,TEXT(F$4:F$110,"HH"),0,0,1))} -> 11 | BD19: =BC19&_xlfn.XLOOKUP(BA19,D$4:D$110,P$4:P$110,"00",0,1)&_xlfn.XLOOKUP(BA19,D$4:D$110,Q$4:Q$110,"00",0,1) -> 113930
A20: 17 | B20: 阿佐ヶ谷 | C20: 205325 | D20: 42 | E20: p | J20: =IF(F20<>"",1,0) -> 0 | K20: =IF(E19="着(hh:mm:ss)","start",IF(E20="p","pass",IF(OR(F20="t",K19="terminal"),"terminal","stop"))) -> pass | L20: {=_xlfn.SWITCH(TRUE,$K20="PASS",TEXT($B$1,"0000"),AND($K20="STOP",E20=""),TEXT($D$1,"0000"),$K19="TERMINAL","0000",TRUE,TEXT(E20,"MMSS"))} -> 6200 | M20: {=_xlfn.SWITCH(TRUE,$K20="PASS",TEXT($B$1,"0000"),AND($K20="STOP",F20=""),TEXT($D$1,"0000"),$K20="TERMINAL","0000",TRUE,TEXT(F20,"MMSS"))} -> 6200 | N20: {=_xlfn.SWITCH(TRUE,AND(LEFT(L20,2)="00",K20="TERMINAL"),"00",E20="",TEXT(LEFT($D$1,2),"00"),LEFT(L20,2)="00",$D$2&"",TRUE,LEFT(L20,2))} -> 62 | O20: {=_xlfn.SWITCH(TRUE,AND(N20="00",RIGHT(L20,2)="00",K20="TERMINAL"),"00",OR(E20="",N20=LEFT($B$1,2)),TEXT(RIGHT($D$1,2),"00"),RIGHT(L20,2)="00",$D$2&"",TRUE,RIGHT(L20,2))} -> 00 | P20: {=_xlfn.SWITCH(TRUE,AND(LEFT(M20,2)="00",K20="TERMINAL"),"00",F20="",TEXT(LEFT($D$1,2),"00"),LEFT(M20,2)="00",$D$2&"",TRUE,LEFT(M20,2))} -> 00 | Q20: {=_xlfn.SWITCH(TRUE,AND(RIGHT(M20,2)="00",K20="TERMINAL"),"00",F20="",TEXT(RIGHT($D$1,2),"00"),RIGHT(M20,2)="00",$D$2&"",TRUE,RIGHT(M20,2))} -> 00 | R20: {=IF(INDIRECT("$D"&(ROW(R20)+$F$1-1))=0,R19,$D20)} -> 42 | S20: {=IF(INDIRECT("$D"&(ROW(R20)+$F$1-1))=0,S19,$D21)} -> 41 | T20: {=IF(INDIRECT("$D"&(ROW(R20)+$F$1-1))=0,T19,$D22)} -> 40 | U20: {=IF(INDIRECT("$D"&(ROW(R20)+$F$1-1))=0,U19,$D23)} -> 39 | V20: {=IF(INDIRECT("$D"&(ROW(R20)+$F$1-1))=0,V19,$D24)} -> 38 | W20: {=IF(INDIRECT("$D"&(ROW(R20)+$F$1-1))=0,W19,$D25)} -> 37 | X20: {=IF(INDIRECT("$D"&(ROW(R20)+$F$1-1))=0,X18,$H20&$N20&$O20)} -> 6200 | Y20: {=IF(INDIRECT("$D"&(ROW(R20)+$F$1-1))=0,Y19,H21&$N21&$O21)} -> 6200 | Z20: {=IF(INDIRECT("$D"&(ROW(R20)+$F$1-1))=0,Z19,H22&$N22&$O22)} -> 4630 | AA20: {=IF(INDIRECT("$D"&(ROW(R20)+$F$1-1))=0,AA19,H23&$N23&$O23)} -> 5160 | AB20: {=IF(INDIRECT("$D"&(ROW(R20)+$F$1-1))=0,AB19,H24&$N24&$O24)} -> 5530 | AC20: {=IF(INDIRECT("$D"&(ROW(R20)+$F$1-1))=0,AC19,H25&$N25&$O25)} -> 6030 | AD20: {=IF(INDIRECT("$D"&(ROW(R20)+$F$1-1))=0,AD19,I20&$P20&$Q20)} -> 0000 | AE20: {=IF(INDIRECT("$D"&(ROW(R20)+$F$1-1))=0,AE19,I21&$P21&$Q21)} -> 0000 | AF20: {=IF(INDIRECT("$D"&(ROW(R20)+$F$1-1))=0,AF19,I22&$P22&$Q22)} -> 4760 | AG20: {=IF(INDIRECT("$D"&(ROW(R20)+$F$1-1))=0,AG19,I23&$P23&$Q23)} -> 5130 | AH20: {=IF(INDIRECT("$D"&(ROW(R20)+$F$1-1))=0,AH19,I24&$P24&$Q24)} -> 5660 | AI20: {=IF(INDIRECT("$D"&(ROW(R20)+$F$1-1))=0,AI19,I25&$P25&$Q25)} -> 0160 | AJ20: {=TEXT($D20,"000")&TEXT(IFERROR(INDEX($D$5:$D$103,_xlfn.AGGREGATE(15,6,ROW($E$5:$E$103)/(($E$5:$E$103<>"p")*($E$5:$E$103<>"t")*(ROW($E$5:$E$103)>ROW($E20))),1)-ROW($E$5)+1),$D20),"000")} -> 042040 | AK20: =IF(K20="PASS",-1,500) -> -1 | AL20: {=IF(INDIRECT("$K"&(ROW(R20)+$F$1-1))="TERMINAL",1000489,489)*SIGN(AK20)} -> -489 | AM20: {=IF(INDIRECT("$D"&(ROW(R20)+$F$1-1))=0,AM19,$G20)} -> 0 | AN20: {=IF(INDIRECT("$D"&(ROW(R20)+$F$1-1))=0,AN19,$G21)} -> 0 | AO20: {=IF(INDIRECT("$D"&(ROW(R20)+$F$1-1))=0,AO19,$G22)} -> 8 | AP20: {=IF(INDIRECT("$D"&(ROW(R20)+$F$1-1))=0,AP19,$G23)} -> 8 | AQ20: {=IF(INDIRECT("$D"&(ROW(R20)+$F$1-1))=0,AQ19,$G24)} -> 0 | AR20: {=IF(INDIRECT("$D"&(ROW(R20)+$F$1-1))=0,AR19,$G25)} -> 0 | AS20: {=IF(INDIRECT("$D"&(ROW(AS20)+$F$1-1))=0,AS19+4,1)} -> 1 | AT20: {=IF(INDIRECT("$D"&(ROW(AT20)+$F$1-1))=0,AT19+4,2)} -> 2 | AU20: {=IF(INDIRECT("$D"&(ROW(AU20)+$F$1-1))=0,AU19+4,3)} -> 3 | AV20: {=IF(INDIRECT("$D"&(ROW(AV20)+$F$1-1))=0,AV19+4,4)} -> 4 | AW20: {=_xlfn.XLOOKUP(1,INDIRECT("J"&ROW(K20)+$F$1):J$103,INDIRECT("D"&ROW(K20)+$F$1):D$103,0,0,1)} -> 37 | AX20: =_xlfn.XLOOKUP(AW20,D$4:D$103,G$4:G$103,0,0,1) -> 0 | AY20: {=_xlfn.XLOOKUP(AW20,D$4:D$110,H$4:H$110&N$4:N$110&O$4:O$110,0,0,1)} -> 6030 | AZ20: {=_xlfn.XLOOKUP(AW20,D$4:D$110,I$4:I$110&P$4:P$110&Q$4:Q$110,0,0,1)} -> 0160 | BA20: {=_xlfn.XLOOKUP(1,J$4:J19,D$4:D19,0,0,-1)} -> 46 | BB20: =_xlfn.XLOOKUP(BA20,D$4:D$103,G$4:G$103,0,0,1) -> 6 | BC20: {=_xlfn.SWITCH(TRUE,_xlfn.XLOOKUP(BA20,D$4:D$110,TEXT(F$4:F$110,"HH"),0,0,1)="00",B18&"",_xlfn.XLOOKUP(BA20,D$4:D$110,TEXT(F$4:F$110,"HH"),0,0,1)="T","00",TRUE,_xlfn.XLOOKUP(BA20,D$4:D$110,TEXT(F$4:F$110,"HH"),0,0,1))} -> 11 | BD20: =BC20&_xlfn.XLOOKUP(BA20,D$4:D$110,P$4:P$110,"00",0,1)&_xlfn.XLOOKUP(BA20,D$4:D$110,Q$4:Q$110,"00",0,1) -> 113930
A21: 18 | B21: 高円寺 | C21: 206725 | D21: 41 | E21: p | J21: =IF(F21<>"",1,0) -> 0 | K21: =IF(E20="着(hh:mm:ss)","start",IF(E21="p","pass",IF(OR(F21="t",K20="terminal"),"terminal","stop"))) -> pass | L21: {=_xlfn.SWITCH(TRUE,$K21="PASS",TEXT($B$1,"0000"),AND($K21="STOP",E21=""),TEXT($D$1,"0000"),$K20="TERMINAL","0000",TRUE,TEXT(E21,"MMSS"))} -> 6200 | M21: {=_xlfn.SWITCH(TRUE,$K21="PASS",TEXT($B$1,"0000"),AND($K21="STOP",F21=""),TEXT($D$1,"0000"),$K21="TERMINAL","0000",TRUE,TEXT(F21,"MMSS"))} -> 6200 | N21: {=_xlfn.SWITCH(TRUE,AND(LEFT(L21,2)="00",K21="TERMINAL"),"00",E21="",TEXT(LEFT($D$1,2),"00"),LEFT(L21,2)="00",$D$2&"",TRUE,LEFT(L21,2))} -> 62 | O21: {=_xlfn.SWITCH(TRUE,AND(N21="00",RIGHT(L21,2)="00",K21="TERMINAL"),"00",OR(E21="",N21=LEFT($B$1,2)),TEXT(RIGHT($D$1,2),"00"),RIGHT(L21,2)="00",$D$2&"",TRUE,RIGHT(L21,2))} -> 00 | P21: {=_xlfn.SWITCH(TRUE,AND(LEFT(M21,2)="00",K21="TERMINAL"),"00",F21="",TEXT(LEFT($D$1,2),"00"),LEFT(M21,2)="00",$D$2&"",TRUE,LEFT(M21,2))} -> 00 | Q21: {=_xlfn.SWITCH(TRUE,AND(RIGHT(M21,2)="00",K21="TERMINAL"),"00",F21="",TEXT(RIGHT($D$1,2),"00"),RIGHT(M21,2)="00",$D$2&"",TRUE,RIGHT(M21,2))} -> 00 | R21: {=IF(INDIRECT("$D"&(ROW(R21)+$F$1-1))=0,R20,$D21)} -> 41 | S21: {=IF(INDIRECT("$D"&(ROW(R21)+$F$1-1))=0,S20,$D22)} -> 40 | T21: {=IF(INDIRECT("$D"&(ROW(R21)+$F$1-1))=0,T20,$D23)} -> 39 | U21: {=IF(INDIRECT("$D"&(ROW(R21)+$F$1-1))=0,U20,$D24)} -> 38 | V21: {=IF(INDIRECT("$D"&(ROW(R21)+$F$1-1))=0,V20,$D25)} -> 37 | W21: {=IF(INDIRECT("$D"&(ROW(R21)+$F$1-1))=0,W20,$D26)} -> 36 | X21: {=IF(INDIRECT("$D"&(ROW(R21)+$F$1-1))=0,X19,$H21&$N21&$O21)} -> 6200 | Y21: {=IF(INDIRECT("$D"&(ROW(R21)+$F$1-1))=0,Y20,H22&$N22&$O22)} -> 4630 | Z21: {=IF(INDIRECT("$D"&(ROW(R21)+$F$1-1))=0,Z20,H23&$N23&$O23)} -> 5160 | AA21: {=IF(INDIRECT("$D"&(ROW(R21)+$F$1-1))=0,AA20,H24&$N24&$O24)} -> 5530 | AB21: {=IF(INDIRECT("$D"&(ROW(R21)+$F$1-1))=0,AB20,H25&$N25&$O25)} -> 6030 | AC21: {=IF(INDIRECT("$D"&(ROW(R21)+$F$1-1))=0,AC20,H26&$N26&$O26)} -> 0000 | AD21: {=IF(INDIRECT("$D"&(ROW(R21)+$F$1-1))=0,AD20,I21&$P21&$Q21)} -> 0000 | AE21: {=IF(INDIRECT("$D"&(ROW(R21)+$F$1-1))=0,AE20,I22&$P22&$Q22)} -> 4760 | AF21: {=IF(INDIRECT("$D"&(ROW(R21)+$F$1-1))=0,AF20,I23&$P23&$Q23)} -> 5130 | AG21: {=IF(INDIRECT("$D"&(ROW(R21)+$F$1-1))=0,AG20,I24&$P24&$Q24)} -> 5660 | AH21: {=IF(INDIRECT("$D"&(ROW(R21)+$F$1-1))=0,AH20,I25&$P25&$Q25)} -> 0160 | AI21: {=IF(INDIRECT("$D"&(ROW(R21)+$F$1-1))=0,AI20,I26&$P26&$Q26)} -> 0000 | AJ21: {=TEXT($D21,"000")&TEXT(IFERROR(INDEX($D$5:$D$103,_xlfn.AGGREGATE(15,6,ROW($E$5:$E$103)/(($E$5:$E$103<>"p")*($E$5:$E$103<>"t")*(ROW($E$5:$E$103)>ROW($E21))),1)-ROW($E$5)+1),$D21),"000")} -> 041040 | AK21: =IF(K21="PASS",-1,500) -> -1 | AL21: {=IF(INDIRECT("$K"&(ROW(R21)+$F$1-1))="TERMINAL",1000489,489)*SIGN(AK21)} -> -489 | AM21: {=IF(INDIRECT("$D"&(ROW(R21)+$F$1-1))=0,AM20,$G21)} -> 0 | AN21: {=IF(INDIRECT("$D"&(ROW(R21)+$F$1-1))=0,AN20,$G22)} -> 8 | AO21: {=IF(INDIRECT("$D"&(ROW(R21)+$F$1-1))=0,AO20,$G23)} -> 8 | AP21: {=IF(INDIRECT("$D"&(ROW(R21)+$F$1-1))=0,AP20,$G24)} -> 0 | AQ21: {=IF(INDIRECT("$D"&(ROW(R21)+$F$1-1))=0,AQ20,$G25)} -> 0 | AR21: {=IF(INDIRECT("$D"&(ROW(R21)+$F$1-1))=0,AR20,$G26)} -> 0 | AS21: {=IF(INDIRECT("$D"&(ROW(AS21)+$F$1-1))=0,AS20+4,1)} -> 1 | AT21: {=IF(INDIRECT("$D"&(ROW(AT21)+$F$1-1))=0,AT20+4,2)} -> 2 | AU21: {=IF(INDIRECT("$D"&(ROW(AU21)+$F$1-1))=0,AU20+4,3)} -> 3 | AV21: {=IF(INDIRECT("$D"&(ROW(AV21)+$F$1-1))=0,AV20+4,4)} -> 4 | AW21: {=_xlfn.XLOOKUP(1,INDIRECT("J"&ROW(K21)+$F$1):J$103,INDIRECT("D"&ROW(K21)+$F$1):D$103,0,0,1)} -> 35 | AX21: =_xlfn.XLOOKUP(AW21,D$4:D$103,G$4:G$103,0,0,1) -> 1 | AY21: {=_xlfn.XLOOKUP(AW21,D$4:D$110,H$4:H$110&N$4:N$110&O$4:O$110,0,0,1)} -> 0560 | AZ21: {=_xlfn.XLOOKUP(AW21,D$4:D$110,I$4:I$110&P$4:P$110&Q$4:Q$110,0,0,1)} -> 0000 | BA21: {=_xlfn.XLOOKUP(1,J$4:J20,D$4:D20,0,0,-1)} -> 46 | BB21: =_xlfn.XLOOKUP(BA21,D$4:D$103,G$4:G$103,0,0,1) -> 6 | BC21: {=_xlfn.SWITCH(TRUE,_xlfn.XLOOKUP(BA21,D$4:D$110,TEXT(F$4:F$110,"HH"),0,0,1)="00",B19&"",_xlfn.XLOOKUP(BA21,D$4:D$110,TEXT(F$4:F$110,"HH"),0,0,1)="T","00",TRUE,_xlfn.XLOOKUP(BA21,D$4:D$110,TEXT(F$4:F$110,"HH"),0,0,1))} -> 11 | BD21: =BC21&_xlfn.XLOOKUP(BA21,D$4:D$110,P$4:P$110,"00",0,1)&_xlfn.XLOOKUP(BA21,D$4:D$110,Q$4:Q$110,"00",0,1) -> 113930
A22: 19 | B22: 中野 | C22: 208225 | D22: 40 | E22: 0.490625 | F22: 0.49097222 | G22: 8 | J22: =IF(F22<>"",1,0) -> 1 | K22: =IF(E21="着(hh:mm:ss)","start",IF(E22="p","pass",IF(OR(F22="t",K21="terminal"),"terminal","stop"))) -> stop | L22: {=_xlfn.SWITCH(TRUE,$K22="PASS",TEXT($B$1,"0000"),AND($K22="STOP",E22=""),TEXT($D$1,"0000"),$K21="TERMINAL","0000",TRUE,TEXT(E22,"MMSS"))} -> 4630 | M22: {=_xlfn.SWITCH(TRUE,$K22="PASS",TEXT($B$1,"0000"),AND($K22="STOP",F22=""),TEXT($D$1,"0000"),$K22="TERMINAL","0000",TRUE,TEXT(F22,"MMSS"))} -> 4700 | N22: {=_xlfn.SWITCH(TRUE,AND(LEFT(L22,2)="00",K22="TERMINAL"),"00",E22="",TEXT(LEFT($D$1,2),"00"),LEFT(L22,2)="00",$D$2&"",TRUE,LEFT(L22,2))} -> 46 | O22: {=_xlfn.SWITCH(TRUE,AND(N22="00",RIGHT(L22,2)="00",K22="TERMINAL"),"00",OR(E22="",N22=LEFT($B$1,2)),TEXT(RIGHT($D$1,2),"00"),RIGHT(L22,2)="00",$D$2&"",TRUE,RIGHT(L22,2))} -> 30 | P22: {=_xlfn.SWITCH(TRUE,AND(LEFT(M22,2)="00",K22="TERMINAL"),"00",F22="",TEXT(LEFT($D$1,2),"00"),LEFT(M22,2)="00",$D$2&"",TRUE,LEFT(M22,2))} -> 47 | Q22: {=_xlfn.SWITCH(TRUE,AND(RIGHT(M22,2)="00",K22="TERMINAL"),"00",F22="",TEXT(RIGHT($D$1,2),"00"),RIGHT(M22,2)="00",$D$2&"",TRUE,RIGHT(M22,2))} -> 60 | R22: {=IF(INDIRECT("$D"&(ROW(R22)+$F$1-1))=0,R21,$D22)} -> 40 | S22: {=IF(INDIRECT("$D"&(ROW(R22)+$F$1-1))=0,S21,$D23)} -> 39 | T22: {=IF(INDIRECT("$D"&(ROW(R22)+$F$1-1))=0,T21,$D24)} -> 38 | U22: {=IF(INDIRECT("$D"&(ROW(R22)+$F$1-1))=0,U21,$D25)} -> 37 | V22: {=IF(INDIRECT("$D"&(ROW(R22)+$F$1-1))=0,V21,$D26)} -> 36 | W22: {=IF(INDIRECT("$D"&(ROW(R22)+$F$1-1))=0,W21,$D27)} -> 35 | X22: {=IF(INDIRECT("$D"&(ROW(R22)+$F$1-1))=0,X20,$H22&$N22&$O22)} -> 4630 | Y22: {=IF(INDIRECT("$D"&(ROW(R22)+$F$1-1))=0,Y21,H23&$N23&$O23)} -> 5160 | Z22: {=IF(INDIRECT("$D"&(ROW(R22)+$F$1-1))=0,Z21,H24&$N24&$O24)} -> 5530 | AA22: {=IF(INDIRECT("$D"&(ROW(R22)+$F$1-1))=0,AA21,H25&$N25&$O25)} -> 6030 | AB22: {=IF(INDIRECT("$D"&(ROW(R22)+$F$1-1))=0,AB21,H26&$N26&$O26)} -> 0000 | AC22: {=IF(INDIRECT("$D"&(ROW(R22)+$F$1-1))=0,AC21,H27&$N27&$O27)} -> 0560 | AD22: {=IF(INDIRECT("$D"&(ROW(R22)+$F$1-1))=0,AD21,I22&$P22&$Q22)} -> 4760 | AE22: {=IF(INDIRECT("$D"&(ROW(R22)+$F$1-1))=0,AE21,I23&$P23&$Q23)} -> 5130 | AF22: {=IF(INDIRECT("$D"&(ROW(R22)+$F$1-1))=0,AF21,I24&$P24&$Q24)} -> 5660 | AG22: {=IF(INDIRECT("$D"&(ROW(R22)+$F$1-1))=0,AG21,I25&$P25&$Q25)} -> 0160 | AH22: {=IF(INDIRECT("$D"&(ROW(R22)+$F$1-1))=0,AH21,I26&$P26&$Q26)} -> 0000 | AI22: {=IF(INDIRECT("$D"&(ROW(R22)+$F$1-1))=0,AI21,I27&$P27&$Q27)} -> 0000 | AJ22: {=TEXT($D22,"000")&TEXT(IFERROR(INDEX($D$5:$D$103,_xlfn.AGGREGATE(15,6,ROW($E$5:$E$103)/(($E$5:$E$103<>"p")*($E$5:$E$103<>"t")*(ROW($E$5:$E$103)>ROW($E22))),1)-ROW($E$5)+1),$D22),"000")} -> 040039 | AK22: =IF(K22="PASS",-1,500) -> 500 | AL22: {=IF(INDIRECT("$K"&(ROW(R22)+$F$1-1))="TERMINAL",1000489,489)*SIGN(AK22)} -> 489 | AM22: {=IF(INDIRECT("$D"&(ROW(R22)+$F$1-1))=0,AM21,$G22)} -> 8 | AN22: {=IF(INDIRECT("$D"&(ROW(R22)+$F$1-1))=0,AN21,$G23)} -> 8 | AO22: {=IF(INDIRECT("$D"&(ROW(R22)+$F$1-1))=0,AO21,$G24)} -> 0 | AP22: {=IF(INDIRECT("$D"&(ROW(R22)+$F$1-1))=0,AP21,$G25)} -> 0 | AQ22: {=IF(INDIRECT("$D"&(ROW(R22)+$F$1-1))=0,AQ21,$G26)} -> 0 | AR22: {=IF(INDIRECT("$D"&(ROW(R22)+$F$1-1))=0,AR21,$G27)} -> 1 | AS22: {=IF(INDIRECT("$D"&(ROW(AS22)+$F$1-1))=0,AS21+4,1)} -> 1 | AT22: {=IF(INDIRECT("$D"&(ROW(AT22)+$F$1-1))=0,AT21+4,2)} -> 2 | AU22: {=IF(INDIRECT("$D"&(ROW(AU22)+$F$1-1))=0,AU21+4,3)} -> 3 | AV22: {=IF(INDIRECT("$D"&(ROW(AV22)+$F$1-1))=0,AV21+4,4)} -> 4 | AW22: {=_xlfn.XLOOKUP(1,INDIRECT("J"&ROW(K22)+$F$1):J$103,INDIRECT("D"&ROW(K22)+$F$1):D$103,0,0,1)} -> 35 | AX22: =_xlfn.XLOOKUP(AW22,D$4:D$103,G$4:G$103,0,0,1) -> 1 | AY22: {=_xlfn.XLOOKUP(AW22,D$4:D$110,H$4:H$110&N$4:N$110&O$4:O$110,0,0,1)} -> 0560 | AZ22: {=_xlfn.XLOOKUP(AW22,D$4:D$110,I$4:I$110&P$4:P$110&Q$4:Q$110,0,0,1)} -> 0000 | BA22: {=_xlfn.XLOOKUP(1,J$4:J21,D$4:D21,0,0,-1)} -> 46 | BB22: =_xlfn.XLOOKUP(BA22,D$4:D$103,G$4:G$103,0,0,1) -> 6 | BC22: {=_xlfn.SWITCH(TRUE,_xlfn.XLOOKUP(BA22,D$4:D$110,TEXT(F$4:F$110,"HH"),0,0,1)="00",B20&"",_xlfn.XLOOKUP(BA22,D$4:D$110,TEXT(F$4:F$110,"HH"),0,0,1)="T","00",TRUE,_xlfn.XLOOKUP(BA22,D$4:D$110,TEXT(F$4:F$110,"HH"),0,0,1))} -> 11 | BD22: =BC22&_xlfn.XLOOKUP(BA22,D$4:D$110,P$4:P$110,"00",0,1)&_xlfn.XLOOKUP(BA22,D$4:D$110,Q$4:Q$110,"00",0,1) -> 113930
A23: 20 | B23: 新宿 | C23: 212675 | D23: 39 | E23: 0.49375 | F23: 0.49409722 | G23: 8 | J23: =IF(F23<>"",1,0) -> 1 | K23: =IF(E22="着(hh:mm:ss)","start",IF(E23="p","pass",IF(OR(F23="t",K22="terminal"),"terminal","stop"))) -> stop | L23: {=_xlfn.SWITCH(TRUE,$K23="PASS",TEXT($B$1,"0000"),AND($K23="STOP",E23=""),TEXT($D$1,"0000"),$K22="TERMINAL","0000",TRUE,TEXT(E23,"MMSS"))} -> 5100 | M23: {=_xlfn.SWITCH(TRUE,$K23="PASS",TEXT($B$1,"0000"),AND($K23="STOP",F23=""),TEXT($D$1,"0000"),$K23="TERMINAL","0000",TRUE,TEXT(F23,"MMSS"))} -> 5130 | N23: {=_xlfn.SWITCH(TRUE,AND(LEFT(L23,2)="00",K23="TERMINAL"),"00",E23="",TEXT(LEFT($D$1,2),"00"),LEFT(L23,2)="00",$D$2&"",TRUE,LEFT(L23,2))} -> 51 | O23: {=_xlfn.SWITCH(TRUE,AND(N23="00",RIGHT(L23,2)="00",K23="TERMINAL"),"00",OR(E23="",N23=LEFT($B$1,2)),TEXT(RIGHT($D$1,2),"00"),RIGHT(L23,2)="00",$D$2&"",TRUE,RIGHT(L23,2))} -> 60 | P23: {=_xlfn.SWITCH(TRUE,AND(LEFT(M23,2)="00",K23="TERMINAL"),"00",F23="",TEXT(LEFT($D$1,2),"00"),LEFT(M23,2)="00",$D$2&"",TRUE,LEFT(M23,2))} -> 51 | Q23: {=_xlfn.SWITCH(TRUE,AND(RIGHT(M23,2)="00",K23="TERMINAL"),"00",F23="",TEXT(RIGHT($D$1,2),"00"),RIGHT(M23,2)="00",$D$2&"",TRUE,RIGHT(M23,2))} -> 30 | R23: {=IF(INDIRECT("$D"&(ROW(R23)+$F$1-1))=0,R22,$D23)} -> 39 | S23: {=IF(INDIRECT("$D"&(ROW(R23)+$F$1-1))=0,S22,$D24)} -> 38 | T23: {=IF(INDIRECT("$D"&(ROW(R23)+$F$1-1))=0,T22,$D25)} -> 37 | U23: {=IF(INDIRECT("$D"&(ROW(R23)+$F$1-1))=0,U22,$D26)} -> 36 | V23: {=IF(INDIRECT("$D"&(ROW(R23)+$F$1-1))=0,V22,$D27)} -> 35 | W23: {=IF(INDIRECT("$D"&(ROW(R23)+$F$1-1))=0,W22,$D28)} -> 0 | X23: {=IF(INDIRECT("$D"&(ROW(R23)+$F$1-1))=0,X21,$H23&$N23&$O23)} -> 5160 | Y23: {=IF(INDIRECT("$D"&(ROW(R23)+$F$1-1))=0,Y22,H24&$N24&$O24)} -> 5530 | Z23: {=IF(INDIRECT("$D"&(ROW(R23)+$F$1-1))=0,Z22,H25&$N25&$O25)} -> 6030 | AA23: {=IF(INDIRECT("$D"&(ROW(R23)+$F$1-1))=0,AA22,H26&$N26&$O26)} -> 0000 | AB23: {=IF(INDIRECT("$D"&(ROW(R23)+$F$1-1))=0,AB22,H27&$N27&$O27)} -> 0560 | AC23: {=IF(INDIRECT("$D"&(ROW(R23)+$F$1-1))=0,AC22,H28&$N28&$O28)} -> 0000 | AD23: {=IF(INDIRECT("$D"&(ROW(R23)+$F$1-1))=0,AD22,I23&$P23&$Q23)} -> 5130 | AE23: {=IF(INDIRECT("$D"&(ROW(R23)+$F$1-1))=0,AE22,I24&$P24&$Q24)} -> 5660 | AF23: {=IF(INDIRECT("$D"&(ROW(R23)+$F$1-1))=0,AF22,I25&$P25&$Q25)} -> 0160 | AG23: {=IF(INDIRECT("$D"&(ROW(R23)+$F$1-1))=0,AG22,I26&$P26&$Q26)} -> 0000 | AH23: {=IF(INDIRECT("$D"&(ROW(R23)+$F$1-1))=0,AH22,I27&$P27&$Q27)} -> 0000 | AI23: {=IF(INDIRECT("$D"&(ROW(R23)+$F$1-1))=0,AI22,I28&$P28&$Q28)} -> 0000 | AJ23: {=TEXT($D23,"000")&TEXT(IFERROR(INDEX($D$5:$D$103,_xlfn.AGGREGATE(15,6,ROW($E$5:$E$103)/(($E$5:$E$103<>"p")*($E$5:$E$103<>"t")*(ROW($E$5:$E$103)>ROW($E23))),1)-ROW($E$5)+1),$D23),"000")} -> 039038 | AK23: =IF(K23="PASS",-1,500) -> 500 | AL23: {=IF(INDIRECT("$K"&(ROW(R23)+$F$1-1))="TERMINAL",1000489,489)*SIGN(AK23)} -> 1000489 | AM23: {=IF(INDIRECT("$D"&(ROW(R23)+$F$1-1))=0,AM22,$G23)} -> 8 | AN23: {=IF(INDIRECT("$D"&(ROW(R23)+$F$1-1))=0,AN22,$G24)} -> 0 | AO23: {=IF(INDIRECT("$D"&(ROW(R23)+$F$1-1))=0,AO22,$G25)} -> 0 | AP23: {=IF(INDIRECT("$D"&(ROW(R23)+$F$1-1))=0,AP22,$G26)} -> 0 | AQ23: {=IF(INDIRECT("$D"&(ROW(R23)+$F$1-1))=0,AQ22,$G27)} -> 1 | AR23: {=IF(INDIRECT("$D"&(ROW(R23)+$F$1-1))=0,AR22,$G28)} -> 0 | AS23: {=IF(INDIRECT("$D"&(ROW(AS23)+$F$1-1))=0,AS22+4,1)} -> 1 | AT23: {=IF(INDIRECT("$D"&(ROW(AT23)+$F$1-1))=0,AT22+4,2)} -> 2 | AU23: {=IF(INDIRECT("$D"&(ROW(AU23)+$F$1-1))=0,AU22+4,3)} -> 3 | AV23: {=IF(INDIRECT("$D"&(ROW(AV23)+$F$1-1))=0,AV22+4,4)} -> 4 | AW23: {=_xlfn.XLOOKUP(1,INDIRECT("J"&ROW(K23)+$F$1):J$103,INDIRECT("D"&ROW(K23)+$F$1):D$103,0,0,1)} -> 0 | AX23: =_xlfn.XLOOKUP(AW23,D$4:D$103,G$4:G$103,0,0,1) -> 0 | AY23: {=_xlfn.XLOOKUP(AW23,D$4:D$110,H$4:H$110&N$4:N$110&O$4:O$110,0,0,1)} -> 0 | AZ23: {=_xlfn.XLOOKUP(AW23,D$4:D$110,I$4:I$110&P$4:P$110&Q$4:Q$110,0,0,1)} -> 0 | BA23: {=_xlfn.XLOOKUP(1,J$4:J22,D$4:D22,0,0,-1)} -> 40 | BB23: =_xlfn.XLOOKUP(BA23,D$4:D$103,G$4:G$103,0,0,1) -> 8 | BC23: {=_xlfn.SWITCH(TRUE,_xlfn.XLOOKUP(BA23,D$4:D$110,TEXT(F$4:F$110,"HH"),0,0,1)="00",B21&"",_xlfn.XLOOKUP(BA23,D$4:D$110,TEXT(F$4:F$110,"HH"),0,0,1)="T","00",TRUE,_xlfn.XLOOKUP(BA23,D$4:D$110,TEXT(F$4:F$110,"HH"),0,0,1))} -> 11 | BD23: =BC23&_xlfn.XLOOKUP(BA23,D$4:D$110,P$4:P$110,"00",0,1)&_xlfn.XLOOKUP(BA23,D$4:D$110,Q$4:Q$110,"00",0,1) -> 114760
